10.0,1245
10.0104,1285
10.0208,1326
10.0312,1285
10.0416,1260
10.052,1222
10.0624,1318
10.0728,1281
10.0832,1221
10.0936,1289
10.104,1219
10.1144,1260
10.1248,1256
10.1352,1321
10.1456,1276
10.156,1306
10.1664,1294
10.1768,1220
10.1872,1224
10.1976,1265
10.208,1342
10.2184,1289
10.2288,1258
10.2392,1248
10.2496,1292
10.26,1237
10.2704,1276
10.2808,1248
10.2912,1268
10.3016,1283
10.312,1279
10.3224,1236
10.3328,1317
10.3432,1212
10.3536,1257
10.364,1263
10.3744,1278
10.3848,1255
10.3952,1181
10.4056,1302
10.416,1240
10.4264,1295
10.4368,1255
10.4472,1253
10.4576,1299
10.468,1335
10.4784,1316
10.4888,1238
10.4992,1306
10.5096,1283
10.52,1221
10.5304,1226
10.5408,1236
10.5512,1266
10.5616,1261
10.572,1260
10.5824,1269
10.5928,1282
10.6032,1197
10.6136,1204
10.624,1264
10.6344,1254
10.6448,1257
10.6552,1201
10.6656,1271
10.676,1200
10.6864,1240
10.6968,1313
10.7072,1286
10.7176,1320
10.728,1293
10.7384,1265
10.7488,1265
10.7592,1178
10.7696,1201
10.78,1249
10.7904,1172
10.8008,1208
10.8112,1167
10.8216,1262
10.832,1257
10.8424,1280
10.8528,1194
10.8632,1265
10.8736,1193
10.884,1182
10.8944,1212
10.9048,1139
10.9152,1254
10.9256,1230
10.936,1354
10.9464,1246
10.9568,1271
10.9672,1272
10.9776,1262
10.988,1205
10.9984,1238
11.0088,1238
11.0192,1222
11.0296,1181
11.04,1246
11.0504,1243
11.0608,1221
11.0712,1244
11.0816,1200
11.092,1195
11.1024,1210
11.1128,1208
11.1232,1198
11.1336,1187
11.144,1214
11.1544,1219
11.1648,1226
11.1752,1208
11.1856,1202
11.196,1198
11.2064,1178
11.2168,1191
11.2272,1189
11.2376,1234
11.248,1143
11.2584,1204
11.2688,1204
11.2792,1146
11.2896,1180
11.3,1147
11.3104,1139
11.3208,1171
11.3312,1175
11.3416,1186
11.352,1217
11.3624,1151
11.3728,1196
11.3832,1115
11.3936,1172
11.404,1230
11.4144,1251
11.4248,1159
11.4352,1182
11.4456,1235
11.456,1189
11.4664,1216
11.4768,1224
11.4872,1169
11.4976,1186
11.508,1214
11.5184,1195
11.5288,1195
11.5392,1182
11.5496,1185
11.56,1211
11.5704,1170
11.5808,1145
11.5912,1153
11.6016,1223
11.612,1204
11.6224,1185
11.6328,1125
11.6432,1227
11.6536,1175
11.664,1259
11.6744,1165
11.6848,1135
11.6952,1096
11.7056,1144
11.716,1135
11.7264,1166
11.7368,1155
11.7472,1224
11.7576,1152
11.768,1229
11.7784,1198
11.7888,1198
11.7992,1163
11.8096,1110
11.82,1123
11.8304,1128
11.8408,1133
11.8512,1177
11.8616,1164
11.872,1124
11.8824,1195
11.8928,1085
11.9032,1162
11.9136,1160
11.924,1188
11.9344,1133
11.9448,1119
11.9552,1165
11.9656,1191
11.976,1178
11.9864,1149
11.9968,1193
12.0072,1190
12.0176,1196
12.028,1167
12.0384,1170
12.0488,1170
12.0592,1067
12.0696,1149
12.08,1070
12.0904,1098
12.1008,1133
12.1112,1112
12.1216,1155
12.132,1161
12.1424,1103
12.1528,1133
12.1632,1158
12.1736,1133
12.184,1109
12.1944,1082
12.2048,1118
12.2152,1150
12.2256,1112
12.236,1122
12.2464,1153
12.2568,1167
12.2672,1191
12.2776,1168
12.288,1140
12.2984,1168
12.3088,1140
12.3192,1031
12.3296,1116
12.34,1128
12.3504,1213
12.3608,1040
12.3712,1048
12.3816,1148
12.392,1119
12.4024,1170
12.4128,1047
12.4232,1088
12.4336,1130
12.444,1120
12.4544,1164
12.4648,1093
12.4752,1128
12.4856,1106
12.496,1108
12.5064,1133
12.5168,1142
12.5272,1119
12.5376,1124
12.548,1154
12.5584,1080
12.5688,1154
12.5792,1080
12.5896,1148
12.6,1144
12.6104,1100
12.6208,1107
12.6312,1116
12.6416,1072
12.652,1107
12.6624,1079
12.6728,1095
12.6832,1141
12.6936,1026
12.704,1102
12.7144,1072
12.7248,1064
12.7352,1152
12.7456,1095
12.756,1126
12.7664,1078
12.7768,1103
12.7872,1112
12.7976,1137
12.808,1103
12.8184,1103
12.8288,1103
12.8392,1035
12.8496,1062
12.86,1126
12.8704,1093
12.8808,1102
12.8912,1116
12.9016,1145
12.912,1122
12.9224,1092
12.9328,1129
12.9432,1088
12.9536,1151
12.964,1119
12.9744,1021
12.9848,1033
12.9952,1110
13.0056,1066
13.016,1094
13.0264,1132
13.0368,1060
13.0472,1140
13.0576,1149
13.068,1121
13.0784,1044
13.0888,1044
13.0992,1086
13.1096,1000
13.12,1123
13.1304,1021
13.1408,1068
13.1512,1062
13.1616,1033
13.172,1073
13.1824,1119
13.1928,1090
13.2032,1086
13.2136,1078
13.224,1023
13.2344,1061
13.2448,1053
13.2552,1072
13.2656,1015
13.276,1056
13.2864,1045
13.2968,1139
13.3072,1168
13.3176,1127
13.328,1037
13.3384,1033
13.3488,1033
13.3592,1044
13.3696,1093
13.38,1100
13.3904,1034
13.4008,1068
13.4112,1079
13.4216,1078
13.432,1068
13.4424,1044
13.4528,1003
13.4632,1095
13.4736,1119
13.484,1044
13.4944,1045
13.5048,1104
13.5152,996
13.5256,1041
13.536,1136
13.5464,1114
13.5568,1074
13.5672,1086
13.5776,1063
13.588,1048
13.5984,1102
13.6088,1102
13.6192,1066
13.6296,1095
13.64,1025
13.6504,1044
13.6608,1043
13.6712,1067
13.6816,1048
13.692,984
13.7024,1007
13.7128,1080
13.7232,1066
13.7336,1049
13.744,1064
13.7544,1039
13.7648,1043
13.7752,992
13.7856,1006
13.796,1059
13.8064,1050
13.8168,1076
13.8272,1100
13.8376,1023
13.848,1001
13.8584,981
13.8688,981
13.8792,1016
13.8896,1073
13.9,996
13.9104,1047
13.9208,1064
13.9312,1018
13.9416,1082
13.952,1071
13.9624,1045
13.9728,1065
13.9832,1113
13.9936,1036
14.004,1057
14.0144,1042
14.0248,1074
14.0352,1040
14.0456,1031
14.056,1025
14.0664,1033
14.0768,1047
14.0872,1056
14.0976,1119
14.108,1051
14.1184,1015
14.1288,1015
14.1392,1051
14.1496,1007
14.16,1021
14.1704,1001
14.1808,1079
14.1912,1076
14.2016,1042
14.212,997
14.2224,1017
14.2328,1088
14.2432,1073
14.2536,1044
14.264,1025
14.2744,1005
14.2848,1005
14.2952,994
14.3056,1014
14.316,1031
14.3264,1074
14.3368,1057
14.3472,1056
14.3576,1057
14.368,1075
14.3784,1057
14.3888,1075
14.3992,991
14.4096,1083
14.42,1041
14.4304,1037
14.4408,1009
14.4512,993
14.4616,1099
14.472,982
14.4824,989
14.4928,1043
14.5032,1081
14.5136,981
14.524,1032
14.5344,1040
14.5448,1006
14.5552,1112
14.5656,1010
14.576,1071
14.5864,1074
14.5968,1112
14.6072,1016
14.6176,992
14.628,1046
14.6384,1062
14.6488,1046
14.6592,1062
14.6696,1067
14.68,1032
14.6904,1056
14.7008,1014
14.7112,1084
14.7216,1070
14.732,1033
14.7424,1053
14.7528,1072
14.7632,1016
14.7736,1010
14.784,1040
14.7944,1009
14.8048,996
14.8152,964
14.8256,1037
14.836,1048
14.8464,1047
14.8568,1002
14.8672,1026
14.8776,1082
14.888,1125
14.8984,982
14.9088,1027
14.9192,1027
14.9296,982
14.94,989
14.9504,1050
14.9608,1038
14.9712,1073
14.9816,974
14.992,962
15.0024,986
15.0128,1022
15.0232,1028
15.0336,1026
15.044,1026
15.0544,1039
15.0648,978
15.0752,994
15.0856,982
15.096,1019
15.1064,1078
15.1168,1044
15.1272,1033
15.1376,1041
15.148,1017
15.1584,995
15.1688,1043
15.1792,1020
15.1896,1039
15.2,1034
15.2104,1019
15.2208,1019
15.2312,1057
15.2416,1049
15.252,974
15.2624,997
15.2728,969
15.2832,1047
15.2936,999
15.304,1024
15.3144,963
15.3248,1031
15.3352,986
15.3456,981
15.356,1025
15.3664,1033
15.3768,987
15.3872,1025
15.3976,984
15.408,1048
15.4184,1077
15.4288,1077
15.4392,1020
15.4496,1006
15.46,1003
15.4704,1096
15.4808,997
15.4912,1037
15.5016,996
15.512,1062
15.5224,1063
15.5328,978
15.5432,1004
15.5536,997
15.564,1015
15.5744,1043
15.5848,1009
15.5952,1032
15.6056,1006
15.616,1023
15.6264,1014
15.6368,1026
15.6472,978
15.6576,1028
15.668,1070
15.6784,1028
15.6888,1070
15.6992,1017
15.7096,1057
15.72,1027
15.7304,1045
15.7408,999
15.7512,947
15.7616,1011
15.772,974
15.7824,1001
15.7928,1007
15.8032,1061
15.8136,1029
15.824,979
15.8344,1038
15.8448,1019
15.8552,989
15.8656,990
15.876,1005
15.8864,1060
15.8968,1018
15.9072,1024
15.9176,1028
15.928,1028
15.9384,1008
15.9488,1008
15.9592,1009
15.9696,1021
15.98,1040
15.9904,1033
16.0008,1012
16.0112,1016
16.0216,1000
16.032,1046
16.0424,1076
16.0528,967
16.0632,996
16.0736,1041
16.084,1004
16.0944,988
16.1048,1049
16.1152,1014
16.1256,1050
16.136,1037
16.1464,1021
16.1568,1012
16.1672,984
16.1776,1035
16.188,1009
16.1984,1035
16.2088,1009
16.2192,998
16.2296,1072
16.24,981
16.2504,1005
16.2608,1028
16.2712,967
16.2816,1032
16.292,1060
16.3024,1075
16.3128,981
16.3232,993
16.3336,1018
16.344,1057
16.3544,1086
16.3648,1027
16.3752,1049
16.3856,1015
16.396,1012
16.4064,1028
16.4168,1023
16.4272,1063
16.4376,1025
16.448,1029
16.4584,1084
16.4688,1084
16.4792,1065
16.4896,1021
16.5,1069
16.5104,1010
16.5208,1043
16.5312,965
16.5416,955
16.552,1076
16.5624,1040
16.5728,1009
16.5832,1021
16.5936,1058
16.604,1022
16.6144,1091
16.6248,1000
16.6352,1003
16.6456,1034
16.656,1012
16.6664,1022
16.6768,990
16.6872,1033
16.6976,1030
16.708,1123
16.7184,1047
16.7288,1123
16.7392,1047
16.7496,1066
16.76,1050
16.7704,1009
16.7808,1004
16.7912,997
16.8016,1021
16.812,981
16.8224,971
16.8328,1019
16.8432,965
16.8536,1018
16.864,1012
16.8744,991
16.8848,1003
16.8952,970
16.9056,1031
16.916,1041
16.9264,1033
16.9368,1011
16.9472,1060
16.9576,1052
16.968,1016
16.9784,1050
16.9888,1012
16.9992,1067
17.0096,1038
17.02,1023
17.0304,1016
17.0408,1025
17.0512,1020
17.0616,1004
17.072,981
17.0824,1055
17.0928,1060
17.1032,1025
17.1136,988
17.124,1001
17.1344,1021
17.1448,1017
17.1552,1043
17.1656,1008
17.176,987
17.1864,975
17.1968,935
17.2072,983
17.2176,1047
17.228,1023
17.2384,1059
17.2488,994
17.2592,994
17.2696,1056
17.28,1031
17.2904,1021
17.3008,1006
17.3112,1023
17.3216,1034
17.332,1029
17.3424,1025
17.3528,1033
17.3632,1039
17.3736,1024
17.384,1003
17.3944,1014
17.4048,1058
17.4152,1003
17.4256,1017
17.436,944
17.4464,1059
17.4568,1000
17.4672,1018
17.4776,1008
17.488,1003
17.4984,1006
17.5088,998
17.5192,1003
17.5296,1011
17.54,942
17.5504,1000
17.5608,1002
17.5712,1018
17.5816,993
17.592,1000
17.6024,976
17.6128,990
17.6232,990
17.6336,1054
17.644,996
17.6544,1034
17.6648,960
17.6752,1054
17.6856,1027
17.696,1023
17.7064,990
17.7168,975
17.7272,1016
17.7376,1028
17.748,1016
17.7584,1067
17.7688,1016
17.7792,1067
17.7896,980
17.8,933
17.8104,1061
17.8208,1014
17.8312,1045
17.8416,1035
17.852,1060
17.8624,984
17.8728,1047
17.8832,1058
17.8936,991
17.904,1003
17.9144,1063
17.9248,1041
17.9352,1023
17.9456,1045
17.956,1032
17.9664,1024
17.9768,992
17.9872,1007
17.9976,1076
18.008,999
18.0184,1033
18.0288,1063
18.0392,1063
18.0496,1033
18.06,1012
18.0704,1006
18.0808,970
18.0912,1021
18.1016,984
18.112,1011
18.1224,1005
18.1328,985
18.1432,1050
18.1536,1001
18.164,954
18.1744,988
18.1848,1016
18.1952,1013
18.2056,1049
18.216,1052
18.2264,1047
18.2368,1018
18.2472,1010
18.2576,1013
18.268,995
18.2784,966
18.2888,982
18.2992,1017
18.3096,1041
18.32,976
18.3304,939
18.3408,994
18.3512,1014
18.3616,968
18.372,959
18.3824,1031
18.3928,1033
18.4032,994
18.4136,991
18.424,998
18.4344,1029
18.4448,1006
18.4552,1053
18.4656,1054
18.476,998
18.4864,988
18.4968,993
18.5072,984
18.5176,984
18.528,1038
18.5384,1001
18.5488,1038
18.5592,1001
18.5696,1059
18.58,991
18.5904,979
18.6008,989
18.6112,1032
18.6216,1020
18.632,1053
18.6424,997
18.6528,1076
18.6632,1065
18.6736,983
18.684,1030
18.6944,1015
18.7048,1023
18.7152,1061
18.7256,1025
18.736,973
18.7464,1041
18.7568,1039
18.7672,1057
18.7776,1001
18.788,976
18.7984,997
18.8088,1007
18.8192,963
18.8296,999
18.84,986
18.8504,1006
18.8608,1016
18.8712,1010
18.8816,980
18.892,1001
18.9024,1030
18.9128,966
18.9232,947
18.9336,1067
18.944,1009
18.9544,1052
18.9648,1007
18.9752,969
18.9856,992
18.996,1081
19.0064,968
19.0168,962
19.0272,1006
19.0376,987
19.048,969
19.0584,1014
19.0688,969
19.0792,1014
19.0896,985
19.1,957
19.1104,952
19.1208,1017
19.1312,949
19.1416,984
19.152,913
19.1624,965
19.1728,1007
19.1832,931
19.1936,1040
19.204,1063
19.2144,961
19.2248,1076
19.2352,1014
19.2456,975
19.256,1021
19.2664,985
19.2768,995
19.2872,1051
19.2976,990
19.308,975
19.3184,1025
19.3288,966
19.3392,1058
19.3496,1000
19.36,1036
19.3704,957
19.3808,974
19.3912,1000
19.4016,987
19.412,1006
19.4224,1035
19.4328,1032
19.4432,1015
19.4536,932
19.464,990
19.4744,979
19.4848,963
19.4952,1050
19.5056,968
19.516,1002
19.5264,994
19.5368,1048
19.5472,1009
19.5576,991
19.568,1105
19.5784,1052
19.5888,1105
19.5992,1052
19.6096,1037
19.62,1016
19.6304,999
19.6408,943
19.6512,1002
19.6616,994
19.672,1048
19.6824,954
19.6928,1048
19.7032,998
19.7136,1006
19.724,971
19.7344,1043
19.7448,1016
19.7552,986
19.7656,1023
19.776,1011
19.7864,1020
19.7968,1040
19.8072,990
19.8176,1037
19.828,1038
19.8384,970
19.8488,970
19.8592,1046
19.8696,985
19.88,991
19.8904,993
19.9008,1029
19.9112,1002
19.9216,973
19.932,1040
19.9424,955
19.9528,1005
19.9632,1004
19.9736,1031
19.984,986
19.9944,975
20.0048,942
20.0152,1029
20.0256,1011
20.036,1008
20.0464,985
20.0568,993
20.0672,1048
20.0776,991
20.088,999
20.0984,1030
20.1088,999
20.1192,1030
20.1296,1023
20.14,1018
20.1504,1009
20.1608,960
20.1712,992
20.1816,979
20.192,979
20.2024,979
20.2128,1003
20.2232,1002
20.2336,1023
20.244,967
20.2544,1026
20.2648,977
20.2752,980
20.2856,1052
20.296,1052
20.3064,993
20.3168,1031
20.3272,1026
20.3376,991
20.348,1025
20.3584,983
20.3688,955
20.3792,955
20.3896,1004
20.4,996
20.4104,987
20.4208,1053
20.4312,994
20.4416,1090
20.452,937
20.4624,968
20.4728,982
20.4832,1000
20.4936,1027
20.504,956
20.5144,959
20.5248,976
20.5352,998
20.5456,1040
20.556,952
20.5664,1014
20.5768,1011
20.5872,1030
20.5976,1038
20.608,986
20.6184,974
20.6288,974
20.6392,1007
20.6496,1020
20.66,962
20.6704,1033
20.6808,973
20.6912,996
20.7016,952
20.712,980
20.7224,957
20.7328,998
20.7432,971
20.7536,979
20.764,954
20.7744,996
20.7848,1045
20.7952,1046
20.8056,1041
20.816,1038
20.8264,981
20.8368,1034
20.8472,986
20.8576,1014
20.868,1027
20.8784,954
20.8888,1027
20.8992,954
20.9096,937
20.92,982
20.9304,1016
20.9408,983
20.9512,956
20.9616,1051
20.972,997
20.9824,972
20.9928,973
21.0032,986
21.0136,1033
21.024,964
21.0344,955
21.0448,1039
21.0552,1018
21.0656,1004
21.076,942
21.0864,998
21.0968,977
21.1072,960
21.1176,1056
21.128,1080
21.1384,1052
21.1488,1000
21.1592,954
21.1696,990
21.18,970
21.1904,988
21.2008,982
21.2112,979
21.2216,1017
21.232,958
21.2424,1031
21.2528,942
21.2632,961
21.2736,1002
21.284,947
21.2944,1041
21.3048,1041
21.3152,1025
21.3256,1025
21.336,1005
21.3464,981
21.3568,990
21.3672,995
21.3776,964
21.388,966
21.3984,1000
21.4088,966
21.4192,1000
21.4296,995
21.44,954
21.4504,989
21.4608,999
21.4712,987
21.4816,971
21.492,1021
21.5024,930
21.5128,952
21.5232,966
21.5336,950
21.544,947
21.5544,1004
21.5648,912
21.5752,987
21.5856,1044
21.596,993
21.6064,960
21.6168,1001
21.6272,1061
21.6376,1026
21.648,1014
21.6584,998
21.6688,965
21.6792,976
21.6896,1022
21.7,1031
21.7104,1003
21.7208,966
21.7312,953
21.7416,967
21.752,980
21.7624,952
21.7728,972
21.7832,1028
21.7936,984
21.804,926
21.8144,971
21.8248,961
21.8352,970
21.8456,974
21.856,1028
21.8664,1048
21.8768,1042
21.8872,1009
21.8976,996
21.908,976
21.9184,1026
21.9288,976
21.9392,1026
21.9496,999
21.96,994
21.9704,1009
21.9808,998
21.9912,1010
22.0016,950
22.012,990
22.0224,996
22.0328,1000
22.0432,975
22.0536,1043
22.064,997
22.0744,1024
22.0848,978
22.0952,993
22.1056,978
22.116,1017
22.1264,985
22.1368,979
22.1472,936
22.1576,1026
22.168,1112
22.1784,1054
22.1888,1024
22.1992,1024
22.2096,997
22.22,998
22.2304,1031
22.2408,987
22.2512,1057
22.2616,1018
22.272,972
22.2824,1010
22.2928,1039
22.3032,1043
22.3136,1073
22.324,1111
22.3344,1112
22.3448,1095
22.3552,1076
22.3656,1046
22.376,1031
22.3864,1045
22.3968,1149
22.4072,1114
22.4176,1150
22.428,1170
22.4384,1143
22.4488,1218
22.4592,1218
22.4696,1234
22.48,1274
22.4904,1251
22.5008,1212
22.5112,1295
22.5216,1333
22.532,1403
22.5424,1383
22.5528,1394
22.5632,1343
22.5736,1518
22.584,1587
22.5944,1553
22.6048,1627
22.6152,1685
22.6256,1760
22.636,1822
22.6464,1860
22.6568,1881
22.6672,2008
22.6776,2029
22.688,2175
22.6984,2236
22.7088,2302
22.7192,2302
22.7296,2571
22.74,2579
22.7504,2744
22.7608,2748
22.7712,2492
22.7816,2496
22.792,2377
22.8024,2240
22.8128,2081
22.8232,2004
22.8336,1898
22.844,1605
22.8544,1517
22.8648,1464
22.8752,1318
22.8856,1252
22.896,1226
22.9064,1209
22.9168,1154
22.9272,1105
22.9376,1122
22.948,1075
22.9584,1108
22.9688,1085
22.9792,1085
22.9896,1069
23.0,1008
23.0104,1014
23.0208,994
23.0312,1039
23.0416,1034
23.052,1077
23.0624,1018
23.0728,966
23.0832,1041
23.0936,1024
23.104,994
23.1144,1024
23.1248,1012
23.1352,986
23.1456,1052
23.156,1025
23.1664,1000
23.1768,986
23.1872,979
23.1976,1001
23.208,982
23.2184,1043
23.2288,972
23.2392,972
23.2496,954
23.26,1025
23.2704,994
23.2808,1006
23.2912,994
23.3016,1006
23.312,1029
23.3224,974
23.3328,982
23.3432,953
23.3536,959
23.364,1001
23.3744,1024
23.3848,995
23.3952,1001
23.4056,962
23.416,986
23.4264,976
23.4368,957
23.4472,1046
23.4576,986
23.468,1032
23.4784,1033
23.4888,1022
23.4992,963
23.5096,959
23.52,1005
23.5304,1004
23.5408,984
23.5512,995
23.5616,1061
23.572,1066
23.5824,1035
23.5928,1016
23.6032,931
23.6136,982
23.624,1025
23.6344,1026
23.6448,1001
23.6552,1008
23.6656,981
23.676,978
23.6864,1054
23.6968,991
23.7072,962
23.7176,1010
23.728,1021
23.7384,995
23.7488,1021
23.7592,995
23.7696,919
23.78,1059
23.7904,977
23.8008,1014
23.8112,1054
23.8216,1023
23.832,1051
23.8424,1028
23.8528,999
23.8632,985
23.8736,1007
23.884,1030
23.8944,979
23.9048,1096
23.9152,1030
23.9256,994
23.936,999
23.9464,988
23.9568,1018
23.9672,1013
23.9776,1080
23.988,995
23.9984,972
24.0088,1036
24.0192,1022
24.0296,1000
24.04,1020
24.0504,1015
24.0608,949
24.0712,1077
24.0816,1034
24.092,1009
24.1024,1021
24.1128,978
24.1232,1018
24.1336,1018
24.144,1029
24.1544,1054
24.1648,984
24.1752,1017
24.1856,1035
24.196,1013
24.2064,1048
24.2168,1046
24.2272,1072
24.2376,1067
24.248,1001
24.2584,988
24.2688,1001
24.2792,988
24.2896,1019
24.3,996
24.3104,960
24.3208,1022
24.3312,1002
24.3416,1019
24.352,1042
24.3624,985
24.3728,994
24.3832,1021
24.3936,993
24.404,973
24.4144,1040
24.4248,1015
24.4352,995
24.4456,1021
24.456,1052
24.4664,1044
24.4768,1060
24.4872,1026
24.4976,999
24.508,965
24.5184,1026
24.5288,1010
24.5392,1010
24.5496,1002
24.56,985
24.5704,1022
24.5808,1008
24.5912,1042
24.6016,1033
24.612,1004
24.6224,1051
24.6328,947
24.6432,1009
24.6536,967
24.664,990
24.6744,999
24.6848,1018
24.6952,958
24.7056,1036
24.716,1016
24.7264,1045
24.7368,959
24.7472,1039
24.7576,1024
24.768,1020
24.7784,976
24.7888,1101
24.7992,1101
24.8096,984
24.82,1032
24.8304,967
24.8408,1013
24.8512,1072
24.8616,1045
24.872,1033
24.8824,1049
24.8928,982
24.9032,994
24.9136,967
24.924,1000
24.9344,1043
24.9448,1007
24.9552,934
24.9656,1001
24.976,1010
24.9864,1019
24.9968,1018
25.0072,973
25.0176,985
25.028,1009
25.0384,1035
25.0488,1031
25.0592,1031
25.0696,1021
25.08,1007
25.0904,1008
25.1008,1061
25.1112,1055
25.1216,1055
25.132,1080
25.1424,1036
25.1528,1092
25.1632,1072
25.1736,1052
25.184,1095
25.1944,1071
25.2048,1092
25.2152,1112
25.2256,1086
25.236,1087
25.2464,1078
25.2568,1082
25.2672,1083
25.2776,1157
25.288,1135
25.2984,1122
25.3088,1160
25.3192,1160
25.3296,1200
25.34,1183
25.3504,1208
25.3608,1273
25.3712,1179
25.3816,1225
25.392,1315
25.4024,1374
25.4128,1321
25.4232,1406
25.4336,1498
25.444,1460
25.4544,1489
25.4648,1519
25.4752,1475
25.4856,1514
25.496,1499
25.5064,1469
25.5168,1381
25.5272,1331
25.5376,1402
25.548,1335
25.5584,1293
25.5688,1233
25.5792,1233
25.5896,1167
25.6,1176
25.6104,1159
25.6208,1039
25.6312,1045
25.6416,1003
25.652,1013
25.6624,1027
25.6728,1036
25.6832,1010
25.6936,997
25.704,1010
25.7144,997
25.7248,1010
25.7352,1013
25.7456,984
25.756,1024
25.7664,987
25.7768,1003
25.7872,1056
25.7976,979
25.808,1034
25.8184,992
25.8288,1000
25.8392,1016
25.8496,974
25.86,973
25.8704,1022
25.8808,970
25.8912,989
25.9016,1002
25.912,1001
25.9224,978
25.9328,1000
25.9432,1001
25.9536,1023
25.964,1062
25.9744,1015
25.9848,994
25.9952,1004
26.0056,1015
26.016,953
26.0264,1027
26.0368,1031
26.0472,969
26.0576,1020
26.068,959
26.0784,1063
26.0888,959
26.0992,1063
26.1096,1011
26.12,984
26.1304,975
26.1408,1041
26.1512,991
26.1616,1033
26.172,1085
26.1824,1019
26.1928,1015
26.2032,1039
26.2136,1088
26.224,1048
26.2344,1008
26.2448,1018
26.2552,984
26.2656,1001
26.276,1007
26.2864,1007
26.2968,971
26.3072,1020
26.3176,1081
26.328,979
26.3384,1006
26.3488,1006
26.3592,1036
26.3696,995
26.38,995
26.3904,1003
26.4008,1016
26.4112,945
26.4216,1033
26.432,963
26.4424,1024
26.4528,1064
26.4632,944
26.4736,1032
26.484,1042
26.4944,1026
26.5048,999
26.5152,1001
26.5256,975
26.536,965
26.5464,996
26.5568,1041
26.5672,1003
26.5776,1052
26.588,987
26.5984,1030
26.6088,987
26.6192,1030
26.6296,1037
26.64,1028
26.6504,979
26.6608,1010
26.6712,1056
26.6816,1065
26.692,978
26.7024,1008
26.7128,1007
26.7232,1028
26.7336,1077
26.744,1003
26.7544,1046
26.7648,1037
26.7752,1015
26.7856,993
26.796,1038
26.8064,1036
26.8168,1038
26.8272,995
26.8376,995
26.848,1065
26.8584,1045
26.8688,1037
26.8792,1037
26.8896,986
26.9,940
26.9104,1079
26.9208,1028
26.9312,974
26.9416,970
26.952,955
26.9624,979
26.9728,960
26.9832,1022
26.9936,1003
27.004,999
27.0144,1056
27.0248,988
27.0352,1007
27.0456,1056
27.056,1029
27.0664,1025
27.0768,995
27.0872,999
27.0976,1012
27.108,1029
27.1184,995
27.1288,1004
27.1392,1004
27.1496,948
27.16,1074
27.1704,1006
27.1808,988
27.1912,1084
27.2016,932
27.212,1048
27.2224,1017
27.2328,1021
27.2432,983
27.2536,1064
27.264,964
27.2744,1033
27.2848,1001
27.2952,1040
27.3056,1018
27.316,1007
27.3264,1023
27.3368,1002
27.3472,1035
27.3576,1042
27.368,1074
27.3784,995
27.3888,1029
27.3992,1029
27.4096,942
27.42,1059
27.4304,1005
27.4408,1031
27.4512,1051
27.4616,1020
27.472,1013
27.4824,1056
27.4928,987
27.5032,1019
27.5136,1013
27.524,1005
27.5344,1077
27.5448,1020
27.5552,1026
27.5656,985
27.576,1063
27.5864,1041
27.5968,1015
27.6072,1024
27.6176,1085
27.628,1024
27.6384,1028
27.6488,1049
27.6592,1049
27.6696,1044
27.68,997
27.6904,1050
27.7008,1055
27.7112,1033
27.7216,1001
27.732,996
27.7424,1016
27.7528,1028
27.7632,967
27.7736,1000
27.784,983
27.7944,1028
27.8048,1035
27.8152,986
27.8256,1073
27.836,1068
27.8464,1049
27.8568,974
27.8672,1040
27.8776,1025
27.888,1062
27.8984,1031
27.9088,1069
27.9192,1069
27.9296,955
27.94,1048
27.9504,1056
27.9608,1011
27.9712,1024
27.9816,990
27.992,1029
28.0024,1044
28.0128,973
28.0232,1026
28.0336,1037
28.044,962
28.0544,1020
28.0648,1082
28.0752,1009
28.0856,1047
28.096,1075
28.1064,1030
28.1168,1010
28.1272,1074
28.1376,1050
28.148,1029
28.1584,1074
28.1688,1025
28.1792,1070
28.1896,1024
28.2,1021
28.2104,987
28.2208,1052
28.2312,992
28.2416,986
28.252,1081
28.2624,1074
28.2728,1000
28.2832,999
28.2936,1071
28.304,1064
28.3144,1020
28.3248,1038
28.3352,1064
28.3456,1055
28.356,1033
28.3664,1005
28.3768,1003
28.3872,1034
28.3976,1040
28.408,1012
28.4184,1051
28.4288,1012
28.4392,1051
28.4496,1035
28.46,938
28.4704,1050
28.4808,1098
28.4912,1001
28.5016,1105
28.512,969
28.5224,997
28.5328,1028
28.5432,1091
28.5536,1029
28.564,1044
28.5744,1060
28.5848,1035
28.5952,1014
28.6056,1061
28.616,1092
28.6264,1076
28.6368,1044
28.6472,980
28.6576,1055
28.668,1055
28.6784,1041
28.6888,1076
28.6992,1076
28.7096,1052
28.72,983
28.7304,1104
28.7408,964
28.7512,1001
28.7616,991
28.772,1016
28.7824,1050
28.7928,1072
28.8032,1032
28.8136,1094
28.824,1033
28.8344,1045
28.8448,1047
28.8552,1036
28.8656,1060
28.876,1058
28.8864,1060
28.8968,1024
28.9072,1046
28.9176,1012
28.928,1051
28.9384,1044
28.9488,1058
28.9592,1058
28.9696,1082
28.98,1047
28.9904,1062
29.0008,1046
29.0112,1053
29.0216,1059
29.032,1040
29.0424,1039
29.0528,1045
29.0632,1041
29.0736,1110
29.084,1020
29.0944,1013
29.1048,1083
29.1152,1006
29.1256,1035
29.136,1088
29.1464,1115
29.1568,1095
29.1672,1081
29.1776,1069
29.188,1142
29.1984,1068
29.2088,1084
29.2192,1084
29.2296,1033
29.24,1029
29.2504,1041
29.2608,1056
29.2712,1011
29.2816,1038
29.292,1039
29.3024,1031
29.3128,1076
29.3232,1011
29.3336,1025
29.344,1083
29.3544,1063
29.3648,1076
29.3752,1004
29.3856,988
29.396,1053
29.4064,1059
29.4168,1079
29.4272,1060
29.4376,1047
29.448,1046
29.4584,1004
29.4688,1038
29.4792,1038
29.4896,1014
29.5,1039
29.5104,1025
29.5208,1064
29.5312,1056
29.5416,1101
29.552,1052
29.5624,1043
29.5728,1085
29.5832,1054
29.5936,1051
29.604,1023
29.6144,1036
29.6248,1000
29.6352,1002
29.6456,1145
29.656,1063
29.6664,996
29.6768,1056
29.6872,1050
29.6976,1027
29.708,1021
29.7184,1009
29.7288,1074
29.7392,1074
29.7496,1033
29.76,1020
29.7704,1058
29.7808,1034
29.7912,952
29.8016,1020
29.812,1071
29.8224,1043
29.8328,1066
29.8432,1079
29.8536,1079
29.864,979
29.8744,1037
29.8848,1021
29.8952,1019
29.9056,1004
29.916,1077
29.9264,1016
29.9368,1112
29.9472,1081
29.9576,1045
29.968,1087
29.9784,1069
29.9888,1053
29.9992,1053
30.0096,999
30.02,1066
30.0304,1034
30.0408,1065
30.0512,1059
30.0616,1076
30.072,1100
30.0824,1084
30.0928,1096
30.1032,1066
30.1136,1049
30.124,1056
30.1344,1010
30.1448,1055
30.1552,1074
30.1656,1051
30.176,1083
30.1864,1025
30.1968,1043
30.2072,1041
30.2176,1031
30.228,1112
30.2384,995
30.2488,1033
30.2592,1033
30.2696,1029
30.28,1046
30.2904,1105
30.3008,1055
30.3112,1004
30.3216,1097
30.332,1099
30.3424,1133
30.3528,1022
30.3632,1078
30.3736,1052
30.384,1032
30.3944,1047
30.4048,1042
30.4152,1093
30.4256,1031
30.436,1018
30.4464,1048
30.4568,1024
30.4672,1052
30.4776,1069
30.488,1056
30.4984,1067
30.5088,1067
30.5192,1097
30.5296,1097
30.54,1051
30.5504,1008
30.5608,1089
30.5712,1032
30.5816,1108
30.592,1035
30.6024,1051
30.6128,1050
30.6232,1004
30.6336,1034
30.644,1009
30.6544,1067
30.6648,1041
30.6752,1016
30.6856,1075
30.696,1055
30.7064,1069
30.7168,1024
30.7272,1014
30.7376,1055
30.748,1129
30.7584,1011
30.7688,1129
30.7792,1011
30.7896,1012
30.8,997
30.8104,1005
30.8208,1079
30.8312,1082
30.8416,1158
30.852,1091
30.8624,1008
30.8728,1056
30.8832,1056
30.8936,1030
30.904,1092
30.9144,1083
30.9248,1116
30.9352,1036
30.9456,1072
30.956,1034
30.9664,1028
30.9768,1115
30.9872,1109
30.9976,1079
31.008,1009
31.0184,1018
31.0288,1096
31.0392,1096
31.0496,1070
31.06,1042
31.0704,1043
31.0808,1007
31.0912,1092
31.1016,1045
31.112,1070
31.1224,1049
31.1328,1085
31.1432,1051
31.1536,1040
31.164,1093
31.1744,1077
31.1848,1074
31.1952,1075
31.2056,1075
31.216,1087
31.2264,1038
31.2368,1047
31.2472,1039
31.2576,1155
31.268,1100
31.2784,1090
31.2888,1099
31.2992,1099
31.3096,1136
31.32,1113
31.3304,1080
31.3408,1041
31.3512,1100
31.3616,1081
31.372,1017
31.3824,1092
31.3928,1127
31.4032,1121
31.4136,1114
31.424,1126
31.4344,1165
31.4448,1126
31.4552,1114
31.4656,1089
31.476,1124
31.4864,1123
31.4968,1107
31.5072,1094
31.5176,1125
31.528,1117
31.5384,1118
31.5488,1155
31.5592,1155
31.5696,1163
31.58,1130
31.5904,1159
31.6008,1120
31.6112,1188
31.6216,1191
31.632,1193
31.6424,1133
31.6528,1252
31.6632,1240
31.6736,1326
31.684,1230
31.6944,1295
31.7048,1381
31.7152,1369
31.7256,1350
31.736,1441
31.7464,1433
31.7568,1556
31.7672,1620
31.7776,1589
31.788,1670
31.7984,1681
31.8088,1762
31.8192,1762
31.8296,1880
31.84,2088
31.8504,2126
31.8608,2221
31.8712,2314
31.8816,2236
31.892,2298
31.9024,2266
31.9128,2306
31.9232,2144
31.9336,2192
31.944,2195
31.9544,2154
31.9648,2117
31.9752,1998
31.9856,2009
31.996,1823
32.0064,1818
32.0168,1804
32.0272,1671
32.0376,1655
32.048,1672
32.0584,1542
32.0688,1628
32.0792,1628
32.0896,1601
32.1,1545
32.1104,1613
32.1208,1643
32.1312,1680
32.1416,1726
32.152,1800
32.1624,1884
32.1728,1983
32.1832,1972
32.1936,2109
32.204,2286
32.2144,2392
32.2248,2528
32.2352,2744
32.2456,2911
32.256,3070
32.2664,3315
32.2768,3442
32.2872,3563
32.2976,4008
32.308,4392
32.3184,4567
32.3288,5032
32.3392,5032
32.3496,5424
32.36,5876
32.3704,6307
32.3808,7017
32.3912,7267
32.4016,7362
32.412,7374
32.4224,6884
32.4328,6610
32.4432,6035
32.4536,5605
32.464,5424
32.4744,4945
32.4848,4721
32.4952,4338
32.5056,3948
32.516,3514
32.5264,3053
32.5368,2697
32.5472,2443
32.5576,2150
32.568,2080
32.5784,1789
32.5888,1754
32.5992,1646
32.6096,1585
32.62,1586
32.6304,1550
32.6408,1524
32.6512,1689
32.6616,1682
32.672,1676
32.6824,1727
32.6928,1682
32.7032,1718
32.7136,1761
32.724,1888
32.7344,1887
32.7448,1905
32.7552,1969
32.7656,2130
32.776,2233
32.7864,2164
32.7968,2212
32.8072,2359
32.8176,2383
32.828,2462
32.8384,2371
32.8488,2557
32.8592,2557
32.8696,2435
32.88,2334
32.8904,2296
32.9008,2129
32.9112,2086
32.9216,1982
32.932,1918
32.9424,1812
32.9528,1820
32.9632,1710
32.9736,1622
32.984,1484
32.9944,1414
33.0048,1358
33.0152,1335
33.0256,1304
33.036,1338
33.0464,1303
33.0568,1278
33.0672,1212
33.0776,1305
33.088,1225
33.0984,1205
33.1088,1158
33.1192,1158
33.1296,1221
33.14,1123
33.1504,1197
33.1608,1178
33.1712,1246
33.1816,1268
33.192,1230
33.2024,1223
33.2128,1182
33.2232,1181
33.2336,1270
33.244,1207
33.2544,1193
33.2648,1154
33.2752,1148
33.2856,1213
33.296,1151
33.3064,1179
33.3168,1153
33.3272,1088
33.3376,1189
33.348,1163
33.3584,1131
33.3688,1135
33.3792,1135
33.3896,1124
33.4,1117
33.4104,1115
33.4208,1082
33.4312,1116
33.4416,1099
33.452,1097
33.4624,1104
33.4728,1128
33.4832,1107
33.4936,1097
33.504,1142
33.5144,1126
33.5248,1086
33.5352,1131
33.5456,1011
33.556,1093
33.5664,1187
33.5768,1072
33.5872,1171
33.5976,1189
33.608,1117
33.6184,1144
33.6288,1157
33.6392,1157
33.6496,1119
33.66,1162
33.6704,1132
33.6808,1164
33.6912,1155
33.7016,1178
33.712,1202
33.7224,1148
33.7328,1136
33.7432,1208
33.7536,1204
33.764,1215
33.7744,1178
33.7848,1230
33.7952,1269
33.8056,1247
33.816,1291
33.8264,1272
33.8368,1359
33.8472,1340
33.8576,1355
33.868,1316
33.8784,1379
33.8888,1455
33.8992,1455
33.9096,1481
33.92,1506
33.9304,1505
33.9408,1582
33.9512,1509
33.9616,1500
33.972,1561
33.9824,1493
33.9928,1503
34.0032,1577
34.0136,1413
34.024,1430
34.0344,1414
34.0448,1277
34.0552,1312
34.0656,1328
34.076,1317
34.0864,1194
34.0968,1250
34.1072,1189
34.1176,1219
34.128,1175
34.1384,1216
34.1488,1152
34.1592,1152
34.1696,1088
34.18,1156
34.1904,1162
34.2008,1176
34.2112,1130
34.2216,1205
34.232,1168
34.2424,1070
34.2528,1107
34.2632,1206
34.2736,1127
34.284,1187
34.2944,1125
34.3048,1123
34.3152,1126
34.3256,1131
34.336,1096
34.3464,1135
34.3568,1138
34.3672,1132
34.3776,1110
34.388,1135
34.3984,1146
34.4088,1050
34.4192,1128
34.4296,1098
34.44,1186
34.4504,1111
34.4608,1100
34.4712,1069
34.4816,1193
34.492,1161
34.5024,1141
34.5128,1121
34.5232,1139
34.5336,1128
34.544,1094
34.5544,1089
34.5648,1128
34.5752,1085
34.5856,1128
34.596,1067
34.6064,1037
34.6168,1091
34.6272,1042
34.6376,1153
34.648,1076
34.6584,1091
34.6688,1095
34.6792,1095
34.6896,1092
34.7,1105
34.7104,1126
34.7208,1099
34.7312,1112
34.7416,1089
34.752,1153
34.7624,1050
34.7728,1109
34.7832,1132
34.7936,1087
34.804,1088
34.8144,1118
34.8248,1113
34.8352,1111
34.8456,1057
34.856,1095
34.8664,1112
34.8768,1066
34.8872,1109
34.8976,1163
34.908,1111
34.9184,1149
34.9288,1149
34.9392,1037
34.9496,1104
34.96,1102
34.9704,1060
34.9808,1161
34.9912,1104
35.0016,1097
35.012,1083
35.0224,1033
35.0328,1115
35.0432,1083
35.0536,1091
35.064,1069
35.0744,1136
35.0848,1061
35.0952,1054
35.1056,1144
35.116,1180
35.1264,1093
35.1368,1052
35.1472,1096
35.1576,1126
35.168,1105
35.1784,1087
35.1888,1105
35.1992,1087
35.2096,1076
35.22,1059
35.2304,1142
35.2408,1094
35.2512,1068
35.2616,1084
35.272,1087
35.2824,1149
35.2928,1124
35.3032,1122
35.3136,1132
35.324,1107
35.3344,1092
35.3448,1133
35.3552,1096
35.3656,1128
35.376,1081
35.3864,1077
35.3968,1092
35.4072,1105
35.4176,1102
35.428,1080
35.4384,1065
35.4488,1110
35.4592,1110
35.4696,1135
35.48,1086
35.4904,1103
35.5008,1160
35.5112,1125
35.5216,1150
35.532,1141
35.5424,1112
35.5528,1201
35.5632,1081
35.5736,1204
35.584,1120
35.5944,1197
35.6048,1190
35.6152,1137
35.6256,1136
35.636,1192
35.6464,1178
35.6568,1167
35.6672,1209
35.6776,1174
35.688,1161
35.6984,1246
35.7088,1172
35.7192,1172
35.7296,1114
35.74,1096
35.7504,1127
35.7608,1143
35.7712,1118
35.7816,1110
35.792,1196
35.8024,1137
35.8128,1125
35.8232,1137
35.8336,1128
35.844,1138
35.8544,1098
35.8648,1145
35.8752,1159
35.8856,1135
35.896,1142
35.9064,1144
35.9168,1110
35.9272,1132
35.9376,1076
35.948,1151
35.9584,1140
35.9688,1087
35.9792,1087
35.9896,1106
36.0,1136
36.0104,1119
36.0208,1158
36.0312,1063
36.0416,1080
36.052,1111
36.0624,1100
36.0728,1124
36.0832,1093
36.0936,1038
36.104,1096
36.1144,1072
36.1248,1086
36.1352,1129
36.1456,1139
36.156,1083
36.1664,1180
36.1768,1152
36.1872,1144
36.1976,1118
36.208,1128
36.2184,1148
36.2288,1071
36.2392,1077
36.2496,1096
36.26,1083
36.2704,1109
36.2808,1180
36.2912,1084
36.3016,1161
36.312,1079
36.3224,1116
36.3328,1079
36.3432,1090
36.3536,1103
36.364,1137
36.3744,1129
36.3848,1130
36.3952,1149
36.4056,1091
36.416,1091
36.4264,1069
36.4368,1162
36.4472,1103
36.4576,1113
36.468,1183
36.4784,1137
36.4888,1092
36.4992,1092
36.5096,1180
36.52,1081
36.5304,1099
36.5408,1087
36.5512,1107
36.5616,1116
36.572,1129
36.5824,1193
36.5928,1088
36.6032,1112
36.6136,1131
36.624,1123
36.6344,1141
36.6448,1148
36.6552,1089
36.6656,1145
36.676,1087
36.6864,1088
36.6968,1077
36.7072,1107
36.7176,1127
36.728,1130
36.7384,1116
36.7488,1116
36.7592,1115
36.7696,1070
36.78,1150
36.7904,1140
36.8008,1076
36.8112,1168
36.8216,1092
36.832,1150
36.8424,1142
36.8528,1147
36.8632,1111
36.8736,1128
36.884,1142
36.8944,1130
36.9048,1060
36.9152,1137
36.9256,1149
36.936,1090
36.9464,1155
36.9568,1130
36.9672,1204
36.9776,1115
36.988,1113
36.9984,1106
37.0088,1113
37.0192,1106
37.0296,1101
37.04,1097
37.0504,1141
37.0608,1068
37.0712,1067
37.0816,1104
37.092,1157
37.1024,1061
37.1128,1089
37.1232,1056
37.1336,1133
37.144,1168
37.1544,1106
37.1648,1076
37.1752,1107
37.1856,1089
37.196,1144
37.2064,1125
37.2168,1094
37.2272,1125
37.2376,1121
37.248,1117
37.2584,1083
37.2688,1165
37.2792,1165
37.2896,1108
37.3,1126
37.3104,1105
37.3208,1058
37.3312,1120
37.3416,1130
37.352,1098
37.3624,1117
37.3728,1100
37.3832,1074
37.3936,1106
37.404,1077
37.4144,1138
37.4248,1122
37.4352,1093
37.4456,1131
37.456,1129
37.4664,1160
37.4768,1138
37.4872,1113
37.4976,1198
37.508,1130
37.5184,1092
37.5288,1078
37.5392,1078
37.5496,1149
37.56,1069
37.5704,1141
37.5808,1136
37.5912,1066
37.6016,1042
37.612,1076
37.6224,1078
37.6328,1092
37.6432,1101
37.6536,1180
37.664,1066
37.6744,1151
37.6848,1095
37.6952,1087
37.7056,1095
37.716,1132
37.7264,1122
37.7368,1127
37.7472,1091
37.7576,1107
37.768,1052
37.7784,1154
37.7888,1090
37.7992,1090
37.8096,1132
37.82,1121
37.8304,1152
37.8408,1106
37.8512,1056
37.8616,1167
37.872,1105
37.8824,1102
37.8928,1148
37.9032,1074
37.9136,1100
37.924,1142
37.9344,1118
37.9448,1180
37.9552,1124
37.9656,1140
37.976,1154
37.9864,1162
37.9968,1099
38.0072,1118
38.0176,1117
38.028,1204
38.0384,1127
38.0488,1084
38.0592,1084
38.0696,1115
38.08,1121
38.0904,1131
38.1008,1092
38.1112,1170
38.1216,1149
38.132,1171
38.1424,1108
38.1528,1149
38.1632,1068
38.1736,1120
38.184,1148
38.1944,1190
38.2048,1143
38.2152,1209
38.2256,1220
38.236,1097
38.2464,1162
38.2568,1156
38.2672,1242
38.2776,1182
38.288,1172
38.2984,1178
38.3088,1172
38.3192,1172
38.3296,1203
38.34,1154
38.3504,1255
38.3608,1143
38.3712,1193
38.3816,1171
38.392,1229
38.4024,1222
38.4128,1217
38.4232,1216
38.4336,1201
38.444,1192
38.4544,1201
38.4648,1162
38.4752,1200
38.4856,1159
38.496,1228
38.5064,1151
38.5168,1157
38.5272,1201
38.5376,1142
38.548,1226
38.5584,1160
38.5688,1160
38.5792,1173
38.5896,1172
38.6,1116
38.6104,1183
38.6208,1180
38.6312,1098
38.6416,1136
38.652,1115
38.6624,1154
38.6728,1085
38.6832,1103
38.6936,1179
38.704,1116
38.7144,1169
38.7248,1068
38.7352,1125
38.7456,1149
38.756,1099
38.7664,1151
38.7768,1111
38.7872,1155
38.7976,1152
38.808,1132
38.8184,1111
38.8288,1132
38.8392,1111
38.8496,1109
38.86,1125
38.8704,1122
38.8808,1171
38.8912,1164
38.9016,1151
38.912,1085
38.9224,1202
38.9328,1130
38.9432,1185
38.9536,1103
38.964,1088
38.9744,1062
38.9848,1088
38.9952,1169
39.0056,1119
39.016,1050
39.0264,1082
39.0368,1135
39.0472,1058
39.0576,1094
39.068,1173
39.0784,1117
39.0888,1110
39.0992,1172
39.1096,1109
39.12,1111
39.1304,1151
39.1408,1129
39.1512,1162
39.1616,1136
39.172,1198
39.1824,1154
39.1928,1160
39.2032,1192
39.2136,1141
39.224,1162
39.2344,1149
39.2448,1150
39.2552,1135
39.2656,1140
39.276,1154
39.2864,1144
39.2968,1225
39.3072,1159
39.3176,1198
39.328,1171
39.3384,1233
39.3488,1228
39.3592,1228
39.3696,1272
39.38,1212
39.3904,1307
39.4008,1360
39.4112,1379
39.4216,1419
39.432,1377
39.4424,1384
39.4528,1506
39.4632,1583
39.4736,1627
39.484,1695
39.4944,1749
39.5048,1756
39.5152,1889
39.5256,1891
39.536,1880
39.5464,1864
39.5568,1911
39.5672,1735
39.5776,1727
39.588,1742
39.5984,1694
39.6088,1718
39.6192,1718
39.6296,1657
39.64,1555
39.6504,1587
39.6608,1514
39.6712,1455
39.6816,1515
39.692,1395
39.7024,1301
39.7128,1311
39.7232,1274
39.7336,1292
39.744,1253
39.7544,1214
39.7648,1192
39.7752,1209
39.7856,1176
39.796,1154
39.8064,1158
39.8168,1130
39.8272,1216
39.8376,1179
39.848,1222
39.8584,1204
39.8688,1147
39.8792,1147
39.8896,1171
39.9,1171
39.9104,1167
39.9208,1165
39.9312,1166
39.9416,1162
39.952,1149
39.9624,1204
39.9728,1114
39.9832,1141
39.9936,1144
40.004,1128
40.0144,1169
40.0248,1210
40.0352,1165
40.0456,1146
40.056,1159
40.0664,1231
40.0768,1212
40.0872,1232
40.0976,1216
40.108,1256
40.1184,1265
40.1288,1304
40.1392,1304
40.1496,1312
40.16,1382
40.1704,1325
40.1808,1418
40.1912,1424
40.2016,1515
40.212,1515
40.2224,1552
40.2328,1661
40.2432,1700
40.2536,1749
40.264,1809
40.2744,1889
40.2848,1804
40.2952,1903
40.3056,1971
40.316,2107
40.3264,2062
40.3368,2072
40.3472,2020
40.3576,1959
40.368,1975
40.3784,1825
40.3888,1791
40.3992,1791
40.4096,1654
40.42,1636
40.4304,1566
40.4408,1593
40.4512,1628
40.4616,1538
40.472,1507
40.4824,1385
40.4928,1363
40.5032,1264
40.5136,1268
40.524,1274
40.5344,1221
40.5448,1216
40.5552,1188
40.5656,1209
40.576,1123
40.5864,1144
40.5968,1140
40.6072,1139
40.6176,1121
40.628,1121
40.6384,1126
40.6488,1220
40.6592,1220
40.6696,1189
40.68,1206
40.6904,1140
40.7008,1158
40.7112,1152
40.7216,1130
40.732,1151
40.7424,1205
40.7528,1100
40.7632,1180
40.7736,1134
40.784,1158
40.7944,1138
40.8048,1172
40.8152,1146
40.8256,1182
40.836,1130
40.8464,1185
40.8568,1125
40.8672,1212
40.8776,1147
40.888,1136
40.8984,1173
40.9088,1134
40.9192,1160
40.9296,1160
40.94,1074
40.9504,1165
40.9608,1193
40.9712,1176
40.9816,1119
40.992,1183
41.0024,1116
41.0128,1150
41.0232,1105
41.0336,1173
41.044,1105
41.0544,1174
41.0648,1197
41.0752,1098
41.0856,1158
41.096,1120
41.1064,1134
41.1168,1142
41.1272,1101
41.1376,1196
41.148,1098
41.1584,1183
41.1688,1158
41.1792,1158
41.1896,1184
41.2,1150
41.2104,1174
41.2208,1082
41.2312,1175
41.2416,1157
41.252,1102
41.2624,1091
41.2728,1117
41.2832,1115
41.2936,1118
41.304,1110
41.3144,1136
41.3248,1147
41.3352,1169
41.3456,1146
41.356,1145
41.3664,1135
41.3768,1178
41.3872,1195
41.3976,1083
41.408,1147
41.4184,1187
41.4288,1187
41.4392,1177
41.4496,1196
41.46,1099
41.4704,1201
41.4808,1189
41.4912,1238
41.5016,1203
41.512,1222
41.5224,1247
41.5328,1310
41.5432,1274
41.5536,1351
41.564,1323
41.5744,1348
41.5848,1302
41.5952,1322
41.6056,1424
41.616,1414
41.6264,1388
41.6368,1427
41.6472,1455
41.6576,1415
41.668,1452
41.6784,1381
41.6888,1452
41.6992,1381
41.7096,1356
41.72,1346
41.7304,1335
41.7408,1301
41.7512,1340
41.7616,1346
41.772,1308
41.7824,1302
41.7928,1235
41.8032,1256
41.8136,1238
41.824,1211
41.8344,1159
41.8448,1237
41.8552,1196
41.8656,1207
41.876,1175
41.8864,1120
41.8968,1120
41.9072,1192
41.9176,1197
41.928,1211
41.9384,1146
41.9488,1165
41.9592,1165
41.9696,1210
41.98,1118
41.9904,1132
42.0008,1112
42.0112,1158
42.0216,1196
42.032,1159
42.0424,1085
42.0528,1147
42.0632,1121
42.0736,1114
42.084,1113
42.0944,1092
42.1048,1148
42.1152,1162
42.1256,1133
42.136,1161
42.1464,1158
42.1568,1133
42.1672,1160
42.1776,1171
42.188,1123
42.1984,1150
42.2088,1131
42.2192,1131
42.2296,1085
42.24,1196
42.2504,1179
42.2608,1109
42.2712,1111
42.2816,1152
42.292,1108
42.3024,1130
42.3128,1106
42.3232,1145
42.3336,1112
42.344,1169
42.3544,1084
42.3648,1143
42.3752,1180
42.3856,1154
42.396,1090
42.4064,1128
42.4168,1146
42.4272,1149
42.4376,1109
42.448,1126
42.4584,1173
42.4688,1092
42.4792,1092
42.4896,1145
42.5,1114
42.5104,1161
42.5208,1149
42.5312,1146
42.5416,1182
42.552,1174
42.5624,1169
42.5728,1132
42.5832,1128
42.5936,1124
42.604,1140
42.6144,1245
42.6248,1149
42.6352,1115
42.6456,1110
42.656,1207
42.6664,1170
42.6768,1209
42.6872,1237
42.6976,1165
42.708,1144
42.7184,1166
42.7288,1166
42.7392,1166
42.7496,1157
42.76,1184
42.7704,1189
42.7808,1158
42.7912,1141
42.8016,1082
42.812,1174
42.8224,1219
42.8328,1119
42.8432,1128
42.8536,1101
42.864,1190
42.8744,1196
42.8848,1193
42.8952,1160
42.9056,1130
42.916,1128
42.9264,1200
42.9368,1102
42.9472,1173
42.9576,1173
42.968,1132
42.9784,1182
42.9888,1166
42.9992,1166
43.0096,1203
43.02,1209
43.0304,1159
43.0408,1199
43.0512,1141
43.0616,1187
43.072,1142
43.0824,1132
43.0928,1146
43.1032,1164
43.1136,1164
43.124,1196
43.1344,1165
43.1448,1160
43.1552,1127
43.1656,1181
43.176,1145
43.1864,1146
43.1968,1182
43.2072,1086
43.2176,1170
43.228,1209
43.2384,1169
43.2488,1169
43.2592,1124
43.2696,1109
43.28,1218
43.2904,1153
43.3008,1157
43.3112,1178
43.3216,1194
43.332,1128
43.3424,1140
43.3528,1166
43.3632,1170
43.3736,1116
43.384,1139
43.3944,1110
43.4048,1186
43.4152,1090
43.4256,1155
43.436,1183
43.4464,1203
43.4568,1162
43.4672,1220
43.4776,1165
43.488,1137
43.4984,1192
43.5088,1137
43.5192,1192
43.5296,1197
43.54,1194
43.5504,1163
43.5608,1124
43.5712,1127
43.5816,1193
43.592,1266
43.6024,1206
43.6128,1085
43.6232,1154
43.6336,1104
43.644,1168
43.6544,1167
43.6648,1153
43.6752,1148
43.6856,1107
43.696,1137
43.7064,1143
43.7168,1170
43.7272,1207
43.7376,1223
43.748,1216
43.7584,1156
43.7688,1114
43.7792,1114
43.7896,1205
43.8,1131
43.8104,1179
43.8208,1173
43.8312,1119
43.8416,1148
43.852,1170
43.8624,1141
43.8728,1114
43.8832,1188
43.8936,1146
43.904,1210
43.9144,1180
43.9248,1126
43.9352,1113
43.9456,1113
43.956,1195
43.9664,1165
43.9768,1195
43.9872,1147
43.9976,1129
44.008,1149
44.0184,1116
44.0288,1120
44.0392,1120
44.0496,1211
44.06,1155
44.0704,1198
44.0808,1126
44.0912,1146
44.1016,1080
44.112,1144
44.1224,1144
44.1328,1121
44.1432,1202
44.1536,1127
44.164,1155
44.1744,1092
44.1848,1209
44.1952,1165
44.2056,1176
44.216,1171
44.2264,1172
44.2368,1140
44.2472,1208
44.2576,1185
44.268,1109
44.2784,1102
44.2888,1137
44.2992,1137
44.3096,1149
44.32,1162
44.3304,1241
44.3408,1100
44.3512,1193
44.3616,1160
44.372,1175
44.3824,1121
44.3928,1173
44.4032,1219
44.4136,1136
44.424,1155
44.4344,1166
44.4448,1191
44.4552,1174
44.4656,1136
44.476,1154
44.4864,1104
44.4968,1140
44.5072,1185
44.5176,1108
44.528,1123
44.5384,1179
44.5488,1125
44.5592,1125
44.5696,1085
44.58,1154
44.5904,1216
44.6008,1134
44.6112,1211
44.6216,1156
44.632,1166
44.6424,1146
44.6528,1161
44.6632,1212
44.6736,1121
44.684,1140
44.6944,1179
44.7048,1185
44.7152,1159
44.7256,1200
44.736,1145
44.7464,1172
44.7568,1128
44.7672,1198
44.7776,1199
44.788,1122
44.7984,1163
44.8088,1166
44.8192,1166
44.8296,1176
44.84,1195
44.8504,1206
44.8608,1141
44.8712,1176
44.8816,1211
44.892,1123
44.9024,1162
44.9128,1172
44.9232,1119
44.9336,1117
44.944,1129
44.9544,1163
44.9648,1164
44.9752,1116
44.9856,1136
44.996,1197
45.0064,1084
45.0168,1196
45.0272,1185
45.0376,1144
45.048,1184
45.0584,1185
45.0688,1148
45.0792,1148
45.0896,1197
45.1,1160
45.1104,1186
45.1208,1180
45.1312,1203
45.1416,1203
45.152,1165
45.1624,1147
45.1728,1149
45.1832,1147
45.1936,1189
45.204,1139
45.2144,1112
45.2248,1227
45.2352,1189
45.2456,1194
45.256,1165
45.2664,1205
45.2768,1153
45.2872,1174
45.2976,1167
45.308,1174
45.3184,1191
45.3288,1237
45.3392,1237
45.3496,1183
45.36,1231
45.3704,1122
45.3808,1140
45.3912,1133
45.4016,1107
45.412,1157
45.4224,1208
45.4328,1201
45.4432,1141
45.4536,1179
45.464,1180
45.4744,1181
45.4848,1149
45.4952,1150
45.5056,1161
45.516,1242
45.5264,1170
45.5368,1189
45.5472,1185
45.5576,1188
45.568,1168
45.5784,1117
45.5888,1223
45.5992,1191
45.6096,1208
45.62,1167
45.6304,1176
45.6408,1209
45.6512,1107
45.6616,1182
45.672,1169
45.6824,1186
45.6928,1216
45.7032,1179
45.7136,1158
45.724,1231
45.7344,1271
45.7448,1220
45.7552,1147
45.7656,1170
45.776,1149
45.7864,1175
45.7968,1153
45.8072,1154
45.8176,1180
45.828,1243
45.8384,1168
45.8488,1158
45.8592,1158
45.8696,1206
45.88,1168
45.8904,1160
45.9008,1224
45.9112,1124
45.9216,1214
45.932,1168
45.9424,1180
45.9528,1225
45.9632,1191
45.9736,1207
45.984,1173
45.9944,1255
46.0048,1193
46.0152,1153
46.0256,1170
46.036,1175
46.0464,1257
46.0568,1220
46.0672,1218
46.0776,1214
46.088,1221
46.0984,1255
46.1088,1138
46.1192,1138
46.1296,1253
46.14,1281
46.1504,1274
46.1608,1286
46.1712,1337
46.1816,1379
46.192,1321
46.2024,1432
46.2128,1451
46.2232,1415
46.2336,1549
46.244,1617
46.2544,1653
46.2648,1608
46.2752,1735
46.2856,1746
46.296,1837
46.3064,1905
46.3168,2083
46.3272,2217
46.3376,2366
46.348,2454
46.3584,2519
46.3688,2813
46.3792,2813
46.3896,3124
46.4,3423
46.4104,3446
46.4208,3511
46.4312,3550
46.4416,3580
46.452,3585
46.4624,3484
46.4728,3445
46.4832,3339
46.4936,3267
46.504,3241
46.5144,3158
46.5248,3011
46.5352,2837
46.5456,2704
46.556,2750
46.5664,2575
46.5768,2439
46.5872,2282
46.5976,2166
46.608,2108
46.6184,1995
46.6288,1914
46.6392,1914
46.6496,1686
46.66,1617
46.6704,1568
46.6808,1457
46.6912,1452
46.7016,1404
46.712,1405
46.7224,1373
46.7328,1331
46.7432,1306
46.7536,1289
46.764,1242
46.7744,1297
46.7848,1305
46.7952,1218
46.8056,1222
46.816,1259
46.8264,1209
46.8368,1241
46.8472,1242
46.8576,1209
46.868,1199
46.8784,1222
46.8888,1189
46.8992,1189
46.9096,1206
46.92,1225
46.9304,1241
46.9408,1170
46.9512,1180
46.9616,1219
46.972,1215
46.9824,1193
46.9928,1205
47.0032,1182
47.0136,1200
47.024,1157
47.0344,1206
47.0448,1194
47.0552,1169
47.0656,1170
47.076,1184
47.0864,1196
47.0968,1207
47.1072,1186
47.1176,1193
47.128,1196
47.1384,1201
47.1488,1148
47.1592,1148
47.1696,1269
47.18,1180
47.1904,1228
47.2008,1173
47.2112,1128
47.2216,1171
47.232,1209
47.2424,1221
47.2528,1137
47.2632,1246
47.2736,1244
47.284,1233
47.2944,1255
47.3048,1153
47.3152,1276
47.3256,1210
47.336,1245
47.3464,1235
47.3568,1179
47.3672,1234
47.3776,1153
47.388,1278
47.3984,1214
47.4088,1197
47.4192,1197
47.4296,1234
47.44,1214
47.4504,1266
47.4608,1284
47.4712,1269
47.4816,1254
47.492,1311
47.5024,1220
47.5128,1246
47.5232,1343
47.5336,1391
47.544,1320
47.5544,1394
47.5648,1457
47.5752,1513
47.5856,1469
47.596,1506
47.6064,1511
47.6168,1545
47.6272,1587
47.6376,1519
47.648,1534
47.6584,1503
47.6688,1520
47.6792,1520
47.6896,1395
47.7,1506
47.7104,1509
47.7208,1428
47.7312,1457
47.7416,1433
47.752,1415
47.7624,1400
47.7728,1384
47.7832,1488
47.7936,1412
47.804,1356
47.8144,1433
47.8248,1400
47.8352,1446
47.8456,1465
47.856,1514
47.8664,1487
47.8768,1606
47.8872,1613
47.8976,1682
47.908,1667
47.9184,1720
47.9288,1720
47.9392,1701
47.9496,1689
47.96,1698
47.9704,1601
47.9808,1618
47.9912,1556
48.0016,1571
48.012,1568
48.0224,1430
48.0328,1530
48.0432,1475
48.0536,1523
48.064,1432
48.0744,1477
48.0848,1376
48.0952,1447
48.1056,1373
48.116,1392
48.1264,1389
48.1368,1319
48.1472,1274
48.1576,1207
48.168,1223
48.1784,1250
48.1888,1223
48.1992,1250
48.2096,1254
48.22,1166
48.2304,1188
48.2408,1253
48.2512,1219
48.2616,1227
48.272,1211
48.2824,1163
48.2928,1197
48.3032,1204
48.3136,1186
48.324,1254
48.3344,1218
48.3448,1165
48.3552,1153
48.3656,1185
48.376,1211
48.3864,1195
48.3968,1197
48.4072,1216
48.4176,1205
48.428,1238
48.4384,1167
48.4488,1196
48.4592,1196
48.4696,1216
48.48,1206
48.4904,1217
48.5008,1228
48.5112,1167
48.5216,1258
48.532,1190
48.5424,1158
48.5528,1241
48.5632,1174
48.5736,1229
48.584,1192
48.5944,1198
48.6048,1144
48.6152,1111
48.6256,1118
48.636,1204
48.6464,1163
48.6568,1149
48.6672,1238
48.6776,1206
48.688,1183
48.6984,1232
48.7088,1249
48.7192,1249
48.7296,1181
48.74,1100
48.7504,1171
48.7608,1188
48.7712,1206
48.7816,1241
48.792,1188
48.8024,1234
48.8128,1253
48.8232,1193
48.8336,1164
48.844,1214
48.8544,1204
48.8648,1184
48.8752,1158
48.8856,1144
48.896,1178
48.9064,1184
48.9168,1191
48.9272,1219
48.9376,1178
48.948,1225
48.9584,1134
48.9688,1208
48.9792,1208
48.9896,1173
49.0,1156
49.0104,1276
49.0208,1189
49.0312,1238
49.0416,1192
49.052,1184
49.0624,1210
49.0728,1174
49.0832,1190
49.0936,1203
49.104,1221
49.1144,1204
49.1248,1178
49.1352,1196
49.1456,1125
49.156,1210
49.1664,1203
49.1768,1117
49.1872,1207
49.1976,1188
49.208,1204
49.2184,1185
49.2288,1195
49.2392,1195
49.2496,1133
49.26,1176
49.2704,1227
49.2808,1148
49.2912,1210
49.3016,1209
49.312,1171
49.3224,1237
49.3328,1167
49.3432,1161
49.3536,1206
49.364,1161
49.3744,1131
49.3848,1209
49.3952,1206
49.4056,1194
49.416,1178
49.4264,1209
49.4368,1266
49.4472,1210
49.4576,1252
49.468,1263
49.4784,1216
49.4888,1294
49.4992,1294
49.5096,1246
49.52,1218
49.5304,1257
49.5408,1261
49.5512,1214
49.5616,1237
49.572,1203
49.5824,1274
49.5928,1229
49.6032,1223
49.6136,1263
49.624,1186
49.6344,1248
49.6448,1247
49.6552,1200
49.6656,1167
49.676,1159
49.6864,1184
49.6968,1140
49.7072,1167
49.7176,1199
49.728,1160
49.7384,1145
49.7488,1169
49.7592,1169
49.7696,1183
49.78,1211
49.7904,1178
49.8008,1167
49.8112,1139
49.8216,1148
49.832,1212
49.8424,1193
49.8528,1131
49.8632,1184
49.8736,1172
49.884,1147
49.8944,1160
49.9048,1227
49.9152,1169
49.9256,1135
49.936,1201
49.9464,1214
49.9568,1212
49.9672,1248
49.9776,1183
49.988,1168
49.9984,1204
50.0088,1172
50.0192,1172
50.0296,1198
50.04,1219
50.0504,1203
50.0608,1161
50.0712,1176
50.0816,1198
50.092,1159
50.1024,1165
50.1128,1249
50.1232,1241
50.1336,1171
50.144,1233
50.1544,1253
50.1648,1221
50.1752,1196
50.1856,1196
50.196,1230
50.2064,1175
50.2168,1196
50.2272,1224
50.2376,1253
50.248,1207
50.2584,1239
50.2688,1150
50.2792,1150
50.2896,1197
50.3,1220
50.3104,1223
50.3208,1239
50.3312,1191
50.3416,1193
50.352,1306
50.3624,1210
50.3728,1196
50.3832,1229
50.3936,1204
50.404,1196
50.4144,1158
50.4248,1145
50.4352,1253
50.4456,1184
50.456,1169
50.4664,1169
50.4768,1164
50.4872,1211
50.4976,1173
50.508,1270
50.5184,1217
50.5288,1254
50.5392,1254
50.5496,1146
50.56,1185
50.5704,1181
50.5808,1225
50.5912,1207
50.6016,1192
50.612,1236
50.6224,1252
50.6328,1201
50.6432,1202
50.6536,1281
50.664,1232
50.6744,1244
50.6848,1192
50.6952,1175
50.7056,1225
50.716,1171
50.7264,1238
50.7368,1183
50.7472,1167
50.7576,1189
50.768,1296
50.7784,1261
50.7888,1180
50.7992,1180
50.8096,1239
50.82,1226
50.8304,1214
50.8408,1203
50.8512,1205
50.8616,1257
50.872,1190
50.8824,1212
50.8928,1246
50.9032,1188
50.9136,1253
50.924,1267
50.9344,1203
50.9448,1192
50.9552,1237
50.9656,1195
50.976,1212
50.9864,1227
50.9968,1236
51.0072,1191
51.0176,1250
51.028,1233
51.0384,1203
51.0488,1160
51.0592,1160
51.0696,1257
51.08,1261
51.0904,1205
51.1008,1208
51.1112,1218
51.1216,1285
51.132,1214
51.1424,1253
51.1528,1326
51.1632,1227
51.1736,1197
51.184,1219
51.1944,1265
51.2048,1250
51.2152,1220
51.2256,1213
51.236,1250
51.2464,1202
51.2568,1158
51.2672,1217
51.2776,1213
51.288,1251
51.2984,1238
51.3088,1224
51.3192,1224
51.3296,1216
51.34,1194
51.3504,1236
51.3608,1203
51.3712,1193
51.3816,1204
51.392,1197
51.4024,1234
51.4128,1194
51.4232,1287
51.4336,1231
51.444,1223
51.4544,1248
51.4648,1240
51.4752,1260
51.4856,1184
51.496,1213
51.5064,1210
51.5168,1163
51.5272,1238
51.5376,1241
51.548,1212
51.5584,1230
51.5688,1222
51.5792,1222
51.5896,1219
51.6,1242
51.6104,1276
51.6208,1241
51.6312,1235
51.6416,1204
51.652,1190
51.6624,1185
51.6728,1198
51.6832,1240
51.6936,1252
51.704,1238
51.7144,1271
51.7248,1215
51.7352,1254
51.7456,1225
51.756,1204
51.7664,1193
51.7768,1232
51.7872,1230
51.7976,1179
51.808,1202
51.8184,1196
51.8288,1168
51.8392,1168
51.8496,1236
51.86,1197
51.8704,1255
51.8808,1215
51.8912,1281
51.9016,1243
51.912,1242
51.9224,1175
51.9328,1225
51.9432,1267
51.9536,1290
51.964,1196
51.9744,1206
51.9848,1267
51.9952,1214
52.0056,1236
52.016,1186
52.0264,1175
52.0368,1169
52.0472,1291
52.0576,1245
52.068,1238
52.0784,1290
52.0888,1283
52.0992,1283
52.1096,1312
52.12,1280
52.1304,1335
52.1408,1298
52.1512,1303
52.1616,1389
52.172,1370
52.1824,1438
52.1928,1452
52.2032,1481
52.2136,1493
52.224,1573
52.2344,1509
52.2448,1631
52.2552,1655
52.2656,1680
52.276,1876
52.2864,1839
52.2968,1838
52.3072,1876
52.3176,1944
52.328,2000
52.3384,1772
52.3488,1840
52.3592,1840
52.3696,1777
52.38,1707
52.3904,1802
52.4008,1690
52.4112,1648
52.4216,1685
52.432,1663
52.4424,1597
52.4528,1588
52.4632,1577
52.4736,1505
52.484,1548
52.4944,1547
52.5048,1491
52.5152,1462
52.5256,1458
52.536,1388
52.5464,1334
52.5568,1312
52.5672,1341
52.5776,1232
52.588,1230
52.5984,1279
52.6088,1255
52.6192,1255
52.6296,1280
52.64,1262
52.6504,1352
52.6608,1278
52.6712,1254
52.6816,1277
52.692,1225
52.7024,1292
52.7128,1319
52.7232,1340
52.7336,1347
52.744,1297
52.7544,1336
52.7648,1360
52.7752,1340
52.7856,1360
52.796,1360
52.8064,1396
52.8168,1436
52.8272,1468
52.8376,1485
52.848,1520
52.8584,1488
52.8688,1486
52.8792,1486
52.8896,1605
52.9,1574
52.9104,1680
52.9208,1624
52.9312,1793
52.9416,1767
52.952,1790
52.9624,1794
52.9728,1827
52.9832,1917
52.9936,1998
53.004,2091
53.0144,2001
53.0248,2129
53.0352,2019
53.0456,2094
53.056,1981
53.0664,2032
53.0768,2007
53.0872,1968
53.0976,1922
53.108,1884
53.1184,1877
53.1288,1852
53.1392,1852
53.1496,1862
53.16,1815
53.1704,1765
53.1808,1688
53.1912,1664
53.2016,1654
53.212,1673
53.2224,1577
53.2328,1589
53.2432,1560
53.2536,1491
53.264,1415
53.2744,1432
53.2848,1451
53.2952,1339
53.3056,1383
53.316,1334
53.3264,1280
53.3368,1319
53.3472,1283
53.3576,1321
53.368,1309
53.3784,1282
53.3888,1297
53.3992,1297
53.4096,1241
53.42,1280
53.4304,1229
53.4408,1273
53.4512,1263
53.4616,1261
53.472,1250
53.4824,1233
53.4928,1263
53.5032,1168
53.5136,1234
53.524,1267
53.5344,1196
53.5448,1242
53.5552,1267
53.5656,1259
53.576,1264
53.5864,1202
53.5968,1250
53.6072,1310
53.6176,1267
53.628,1247
53.6384,1299
53.6488,1255
53.6592,1255
53.6696,1264
53.68,1169
53.6904,1252
53.7008,1209
53.7112,1222
53.7216,1247
53.732,1230
53.7424,1268
53.7528,1288
53.7632,1265
53.7736,1212
53.784,1278
53.7944,1281
53.8048,1234
53.8152,1240
53.8256,1294
53.836,1295
53.8464,1297
53.8568,1257
53.8672,1205
53.8776,1226
53.888,1253
53.8984,1284
53.9088,1219
53.9192,1219
53.9296,1228
53.94,1264
53.9504,1289
53.9608,1235
53.9712,1219
53.9816,1262
53.992,1229
54.0024,1255
54.0128,1243
54.0232,1307
54.0336,1225
54.044,1260
54.0544,1226
54.0648,1307
54.0752,1283
54.0856,1314
54.096,1305
54.1064,1304
54.1168,1275
54.1272,1271
54.1376,1348
54.148,1368
54.1584,1239
54.1688,1366
54.1792,1366
54.1896,1306
54.2,1251
54.2104,1365
54.2208,1323
54.2312,1328
54.2416,1376
54.252,1357
54.2624,1336
54.2728,1300
54.2832,1291
54.2936,1363
54.304,1321
54.3144,1324
54.3248,1402
54.3352,1284
54.3456,1296
54.356,1376
54.3664,1302
54.3768,1323
54.3872,1398
54.3976,1294
54.408,1275
54.4184,1275
54.4288,1304
54.4392,1304
54.4496,1349
54.46,1305
54.4704,1287
54.4808,1267
54.4912,1233
54.5016,1289
54.512,1287
54.5224,1224
54.5328,1229
54.5432,1270
54.5536,1270
54.564,1255
54.5744,1222
54.5848,1314
54.5952,1274
54.6056,1215
54.616,1260
54.6264,1264
54.6368,1211
54.6472,1219
54.6576,1201
54.668,1254
54.6784,1244
54.6888,1208
54.6992,1208
54.7096,1221
54.72,1269
54.7304,1223
54.7408,1198
54.7512,1212
54.7616,1235
54.772,1244
54.7824,1279
54.7928,1248
54.8032,1272
54.8136,1316
54.824,1185
54.8344,1271
54.8448,1241
54.8552,1197
54.8656,1274
54.876,1216
54.8864,1191
54.8968,1198
54.9072,1218
54.9176,1178
54.928,1210
54.9384,1212
54.9488,1277
54.9592,1277
54.9696,1206
54.98,1188
54.9904,1204
55.0008,1184
55.0112,1267
55.0216,1202
55.032,1209
55.0424,1282
55.0528,1306
55.0632,1236
55.0736,1269
55.084,1154
55.0944,1173
55.1048,1229
55.1152,1235
55.1256,1256
55.136,1190
55.1464,1190
55.1568,1251
55.1672,1239
55.1776,1216
55.188,1237
55.1984,1216
55.2088,1206
55.2192,1206
55.2296,1248
55.24,1241
55.2504,1213
55.2608,1210
55.2712,1264
55.2816,1191
55.292,1260
55.3024,1199
55.3128,1247
55.3232,1130
55.3336,1215
55.344,1186
55.3544,1192
55.3648,1240
55.3752,1204
55.3856,1217
55.396,1197
55.4064,1240
55.4168,1162
55.4272,1222
55.4376,1288
55.448,1207
55.4584,1302
55.4688,1238
55.4792,1238
55.4896,1227
55.5,1180
55.5104,1265
55.5208,1185
55.5312,1178
55.5416,1177
55.552,1205
55.5624,1300
55.5728,1257
55.5832,1323
55.5936,1246
55.604,1262
55.6144,1207
55.6248,1209
55.6352,1194
55.6456,1294
55.656,1286
55.6664,1202
55.6768,1261
55.6872,1190
55.6976,1303
55.708,1265
55.7184,1233
55.7288,1268
55.7392,1268
55.7496,1277
55.76,1229
55.7704,1296
55.7808,1295
55.7912,1247
55.8016,1234
55.812,1242
55.8224,1205
55.8328,1260
55.8432,1276
55.8536,1255
55.864,1235
55.8744,1193
55.8848,1241
55.8952,1200
55.9056,1300
55.916,1318
55.9264,1191
55.9368,1226
55.9472,1336
55.9576,1259
55.968,1205
55.9784,1276
55.9888,1322
55.9992,1322
56.0096,1283
56.02,1263
56.0304,1300
56.0408,1223
56.0512,1224
56.0616,1212
56.072,1293
56.0824,1271
56.0928,1252
56.1032,1226
56.1136,1224
56.124,1257
56.1344,1192
56.1448,1210
56.1552,1176
56.1656,1235
56.176,1270
56.1864,1213
56.1968,1275
56.2072,1252
56.2176,1203
56.228,1326
56.2384,1233
56.2488,1296
56.2592,1296
56.2696,1262
56.28,1240
56.2904,1266
56.3008,1188
56.3112,1283
56.3216,1225
56.332,1279
56.3424,1221
56.3528,1225
56.3632,1217
56.3736,1248
56.384,1241
56.3944,1226
56.4048,1322
56.4152,1199
56.4256,1230
56.436,1286
56.4464,1188
56.4568,1284
56.4672,1230
56.4776,1242
56.488,1258
56.4984,1305
56.5088,1239
56.5192,1239
56.5296,1276
56.54,1227
56.5504,1279
56.5608,1239
56.5712,1242
56.5816,1298
56.592,1311
56.6024,1243
56.6128,1189
56.6232,1203
56.6336,1290
56.644,1289
56.6544,1245
56.6648,1249
56.6752,1357
56.6856,1214
56.696,1234
56.7064,1318
56.7168,1225
56.7272,1289
56.7376,1268
56.748,1236
56.7584,1269
56.7688,1269
56.7792,1269
56.7896,1344
56.8,1248
56.8104,1309
56.8208,1288
56.8312,1290
56.8416,1261
56.852,1246
56.8624,1240
56.8728,1268
56.8832,1319
56.8936,1375
56.904,1339
56.9144,1319
56.9248,1374
56.9352,1331
56.9456,1330
56.956,1441
56.9664,1450
56.9768,1397
56.9872,1548
56.9976,1500
57.008,1557
57.0184,1650
57.0288,1676
57.0392,1676
57.0496,1784
57.06,1865
57.0704,1977
57.0808,1971
57.0912,2012
57.1016,2020
57.112,2068
57.1224,2058
57.1328,2025
57.1432,1860
57.1536,1932
57.164,1880
57.1744,1939
57.1848,1937
57.1952,1966
57.2056,1952
57.216,1919
57.2264,1979
57.2368,1920
57.2472,1866
57.2576,1908
57.268,1868
57.2784,1934
57.2888,1783
57.2992,1783
57.3096,1769
57.32,1748
57.3304,1777
57.3408,1693
57.3512,1765
57.3616,1781
57.372,1769
57.3824,1886
57.3928,1868
57.4032,1915
57.4136,1941
57.424,1981
57.4344,2088
57.4448,2037
57.4552,2046
57.4656,2035
57.476,2047
57.4864,1949
57.4968,1959
57.5072,1865
57.5176,1782
57.528,1777
57.5384,1690
57.5488,1755
57.5592,1755
57.5696,1725
57.58,1795
57.5904,1769
57.6008,1738
57.6112,1683
57.6216,1643
57.632,1746
57.6424,1584
57.6528,1626
57.6632,1554
57.6736,1500
57.684,1467
57.6944,1490
57.7048,1523
57.7152,1412
57.7256,1439
57.736,1506
57.7464,1440
57.7568,1448
57.7672,1351
57.7776,1329
57.788,1315
57.7984,1351
57.8088,1380
57.8192,1380
57.8296,1472
57.84,1405
57.8504,1502
57.8608,1417
57.8712,1446
57.8816,1460
57.892,1433
57.9024,1532
57.9128,1576
57.9232,1593
57.9336,1626
57.944,1716
57.9544,1630
57.9648,1742
57.9752,1775
57.9856,1793
57.996,1927
58.0064,1980
58.0168,1911
58.0272,1974
58.0376,2205
58.048,2121
58.0584,2142
58.0688,2144
58.0792,2144
58.0896,2248
58.1,2237
58.1104,2202
58.1208,2179
58.1312,2178
58.1416,2183
58.152,2181
58.1624,2181
58.1728,2158
58.1832,2239
58.1936,2213
58.204,2420
58.2144,2364
58.2248,2436
58.2352,2423
58.2456,2575
58.256,2693
58.2664,2652
58.2768,2754
58.2872,2659
58.2976,2742
58.308,2748
58.3184,2855
58.3288,2863
58.3392,2863
58.3496,2787
58.36,2717
58.3704,2696
58.3808,2562
58.3912,2433
58.4016,2420
58.412,2348
58.4224,2192
58.4328,2169
58.4432,2090
58.4536,2090
58.464,2105
58.4744,1955
58.4848,2085
58.4952,1992
58.5056,2007
58.516,1947
58.5264,1832
58.5368,1833
58.5472,1790
58.5576,1721
58.568,1652
58.5784,1565
58.5888,1529
58.5992,1529
58.6096,1535
58.62,1379
58.6304,1455
58.6408,1377
58.6512,1385
58.6616,1361
58.672,1380
58.6824,1313
58.6928,1359
58.7032,1341
58.7136,1307
58.724,1338
58.7344,1371
58.7448,1331
58.7552,1283
58.7656,1269
58.776,1290
58.7864,1339
58.7968,1345
58.8072,1374
58.8176,1348
58.828,1280
58.8384,1299
58.8488,1295
58.8592,1295
58.8696,1326
58.88,1362
58.8904,1326
58.9008,1306
58.9112,1336
58.9216,1352
58.932,1392
58.9424,1315
58.9528,1409
58.9632,1440
58.9736,1501
58.984,1364
58.9944,1459
59.0048,1451
59.0152,1425
59.0256,1462
59.036,1480
59.0464,1398
59.0568,1527
59.0672,1398
59.0776,1409
59.088,1551
59.0984,1422
59.1088,1421
59.1192,1421
59.1296,1398
59.14,1458
59.1504,1417
59.1608,1345
59.1712,1408
59.1816,1385
59.192,1356
59.2024,1387
59.2128,1362
59.2232,1344
59.2336,1368
59.244,1400
59.2544,1358
59.2648,1347
59.2752,1276
59.2856,1366
59.296,1272
59.3064,1316
59.3168,1276
59.3272,1310
59.3376,1334
59.348,1278
59.3584,1309
59.3688,1253
59.3792,1253
59.3896,1327
59.4,1222
59.4104,1227
59.4208,1208
59.4312,1236
59.4416,1220
59.452,1241
59.4624,1180
59.4728,1227
59.4832,1254
59.4936,1312
59.504,1261
59.5144,1235
59.5248,1207
59.5352,1225
59.5456,1256
59.556,1272
59.5664,1214
59.5768,1256
59.5872,1291
59.5976,1257
59.608,1274
59.6184,1308
59.6288,1302
59.6392,1302
59.6496,1239
59.66,1231
59.6704,1278
59.6808,1254
59.6912,1318
59.7016,1257
59.712,1252
59.7224,1271
59.7328,1240
59.7432,1343
59.7536,1300
59.764,1276
59.7744,1282
59.7848,1268
59.7952,1284
59.8056,1250
59.816,1219
59.8264,1242
59.8368,1203
59.8472,1302
59.8576,1273
59.868,1314
59.8784,1281
59.8888,1172
59.8992,1172
59.9096,1296
59.92,1251
59.9304,1270
59.9408,1230
59.9512,1324
59.9616,1204
59.972,1289
59.9824,1279
59.9928,1237
60.0032,1261
60.0136,1245
60.024,1211
60.0344,1247
60.0448,1237
60.0552,1207
60.0656,1232
60.076,1235
60.0864,1222
60.0968,1262
60.1072,1266
60.1176,1240
60.128,1236
60.1384,1278
60.1488,1187
60.1592,1187
60.1696,1249
60.18,1268
60.1904,1287
60.2008,1200
60.2112,1250
60.2216,1265
60.232,1294
60.2424,1175
60.2528,1218
60.2632,1269
60.2736,1180
60.284,1248
60.2944,1231
60.3048,1293
60.3152,1286
60.3256,1220
60.336,1269
60.3464,1260
60.3568,1218
60.3672,1211
60.3776,1220
60.388,1208
60.3984,1285
60.4088,1212
60.4192,1212
60.4296,1247
60.44,1246
60.4504,1304
60.4608,1335
60.4712,1269
60.4816,1291
60.492,1251
60.5024,1237
60.5128,1247
60.5232,1242
60.5336,1278
60.544,1304
60.5544,1222
60.5648,1250
60.5752,1288
60.5856,1243
60.596,1250
60.6064,1248
60.6168,1338
60.6272,1324
60.6376,1320
60.648,1269
60.6584,1323
60.6688,1208
60.6792,1208
60.6896,1261
60.7,1196
60.7104,1251
60.7208,1197
60.7312,1285
60.7416,1310
60.752,1229
60.7624,1309
60.7728,1263
60.7832,1296
60.7936,1221
60.804,1263
60.8144,1260
60.8248,1225
60.8352,1228
60.8456,1242
60.856,1249
60.8664,1231
60.8768,1301
60.8872,1234
60.8976,1270
60.908,1279
60.9184,1195
60.9288,1260
60.9392,1260
60.9496,1250
60.96,1283
60.9704,1235
60.9808,1252
60.9912,1318
61.0016,1270
61.012,1303
61.0224,1247
61.0328,1288
61.0432,1210
61.0536,1254
61.064,1198
61.0744,1254
61.0848,1249
61.0952,1244
61.1056,1192
61.116,1268
61.1264,1304
61.1368,1275
61.1472,1311
61.1576,1188
61.168,1237
61.1784,1323
61.1888,1261
61.1992,1261
61.2096,1293
61.22,1284
61.2304,1301
61.2408,1263
61.2512,1291
61.2616,1259
61.272,1312
61.2824,1239
61.2928,1281
61.3032,1274
61.3136,1281
61.324,1269
61.3344,1313
61.3448,1268
61.3552,1182
61.3656,1284
61.376,1247
61.3864,1229
61.3968,1267
61.4072,1258
61.4176,1348
61.428,1270
61.4384,1257
61.4488,1259
61.4592,1259
61.4696,1289
61.48,1294
61.4904,1290
61.5008,1256
61.5112,1246
61.5216,1243
61.532,1263
61.5424,1268
61.5528,1241
61.5632,1239
61.5736,1231
61.584,1208
61.5944,1238
61.6048,1272
61.6152,1286
61.6256,1283
61.636,1225
61.6464,1282
61.6568,1251
61.6672,1297
61.6776,1233
61.688,1220
61.6984,1319
61.7088,1270
61.7192,1270
61.7296,1295
61.74,1254
61.7504,1290
61.7608,1211
61.7712,1214
61.7816,1308
61.792,1261
61.8024,1279
61.8128,1282
61.8232,1256
61.8336,1324
61.844,1250
61.8544,1261
61.8648,1242
61.8752,1280
61.8856,1309
61.896,1269
61.9064,1275
61.9168,1255
61.9272,1238
61.9376,1303
61.948,1284
61.9584,1303
61.9688,1341
61.9792,1341
61.9896,1216
62.0,1244
62.0104,1212
62.0208,1224
62.0312,1275
62.0416,1239
62.052,1280
62.0624,1236
62.0728,1307
62.0832,1303
62.0936,1200
62.104,1208
62.1144,1225
62.1248,1356
62.1352,1327
62.1456,1306
62.156,1218
62.1664,1184
62.1768,1259
62.1872,1278
62.1976,1220
62.208,1319
62.2184,1263
62.2288,1234
62.2392,1234
62.2496,1251
62.26,1336
62.2704,1253
62.2808,1192
62.2912,1296
62.3016,1334
62.312,1268
62.3224,1240
62.3328,1270
62.3432,1203
62.3536,1236
62.364,1256
62.3744,1314
62.3848,1302
62.3952,1261
62.4056,1270
62.416,1276
62.4264,1291
62.4368,1295
62.4472,1368
62.4576,1290
62.468,1319
62.4784,1316
62.4888,1295
62.4992,1295
62.5096,1377
62.52,1277
62.5304,1323
62.5408,1283
62.5512,1243
62.5616,1307
62.572,1284
62.5824,1303
62.5928,1280
62.6032,1260
62.6136,1241
62.624,1263
62.6344,1311
62.6448,1363
62.6552,1238
62.6656,1247
62.676,1272
62.6864,1330
62.6968,1302
62.7072,1271
62.7176,1240
62.728,1314
62.7384,1218
62.7488,1255
62.7592,1255
62.7696,1279
62.78,1206
62.7904,1229
62.8008,1209
62.8112,1247
62.8216,1237
62.832,1252
62.8424,1280
62.8528,1309
62.8632,1236
62.8736,1255
62.884,1406
62.8944,1226
62.9048,1237
62.9152,1254
62.9256,1241
62.936,1304
62.9464,1323
62.9568,1305
62.9672,1266
62.9776,1285
62.988,1237
62.9984,1202
63.0088,1273
63.0192,1273
63.0296,1267
63.04,1234
63.0504,1240
63.0608,1303
63.0712,1297
63.0816,1295
63.092,1271
63.1024,1242
63.1128,1234
63.1232,1259
63.1336,1258
63.144,1327
63.1544,1286
63.1648,1271
63.1752,1260
63.1856,1269
63.196,1310
63.2064,1295
63.2168,1271
63.2272,1251
63.2376,1290
63.248,1237
63.2584,1342
63.2688,1378
63.2792,1378
63.2896,1336
63.3,1240
63.3104,1257
63.3208,1301
63.3312,1320
63.3416,1309
63.352,1277
63.3624,1331
63.3728,1355
63.3832,1354
63.3936,1342
63.404,1398
63.4144,1401
63.4248,1424
63.4352,1397
63.4456,1500
63.456,1533
63.4664,1566
63.4768,1572
63.4872,1579
63.4976,1674
63.508,1607
63.5184,1648
63.5288,1674
63.5392,1674
63.5496,1635
63.56,1605
63.5704,1618
63.5808,1549
63.5912,1525
63.6016,1501
63.612,1466
63.6224,1555
63.6328,1543
63.6432,1557
63.6536,1552
63.664,1545
63.6744,1549
63.6848,1558
63.6952,1449
63.7056,1609
63.716,1589
63.7264,1435
63.7368,1485
63.7472,1495
63.7576,1443
63.768,1438
63.7784,1424
63.7888,1416
63.7992,1416
63.8096,1336
63.82,1323
63.8304,1353
63.8408,1309
63.8512,1330
63.8616,1340
63.872,1375
63.8824,1322
63.8928,1248
63.9032,1301
63.9136,1286
63.924,1305
63.9344,1353
63.9448,1320
63.9552,1296
63.9656,1284
63.976,1384
63.9864,1313
63.9968,1374
64.0072,1333
64.0176,1335
64.028,1323
64.0384,1349
64.0488,1282
64.0592,1282
64.0696,1343
64.08,1328
64.0904,1291
64.1008,1304
64.1112,1346
64.1216,1298
64.132,1361
64.1424,1321
64.1528,1244
64.1632,1339
64.1736,1309
64.184,1307
64.1944,1389
64.2048,1352
64.2152,1331
64.2256,1276
64.236,1296
64.2464,1334
64.2568,1243
64.2672,1318
64.2776,1311
64.288,1321
64.2984,1360
64.3088,1277
64.3192,1277
64.3296,1295
64.34,1215
64.3504,1288
64.3608,1360
64.3712,1256
64.3816,1280
64.392,1312
64.4024,1292
64.4128,1365
64.4232,1272
64.4336,1302
64.444,1269
64.4544,1313
64.4648,1288
64.4752,1313
64.4856,1318
64.496,1236
64.5064,1297
64.5168,1292
64.5272,1291
64.5376,1279
64.548,1271
64.5584,1326
64.5688,1275
64.5792,1275
64.5896,1248
64.6,1289
64.6104,1328
64.6208,1256
64.6312,1284
64.6416,1316
64.652,1236
64.6624,1267
64.6728,1297
64.6832,1208
64.6936,1318
64.704,1293
64.7144,1222
64.7248,1333
64.7352,1302
64.7456,1275
64.756,1251
64.7664,1280
64.7768,1216
64.7872,1275
64.7976,1284
64.808,1240
64.8184,1273
64.8288,1261
64.8392,1261
64.8496,1306
64.86,1254
64.8704,1242
64.8808,1274
64.8912,1242
64.9016,1268
64.912,1273
64.9224,1222
64.9328,1306
64.9432,1286
64.9536,1299
64.964,1281
64.9744,1225
64.9848,1286
64.9952,1239
65.0056,1245
65.016,1289
65.0264,1299
65.0368,1262
65.0472,1288
65.0576,1263
65.068,1245
65.0784,1321
65.0888,1280
65.0992,1280
65.1096,1297
65.12,1288
65.1304,1342
65.1408,1216
65.1512,1304
65.1616,1143
65.172,1301
65.1824,1269
65.1928,1278
65.2032,1299
65.2136,1351
65.224,1307
65.2344,1322
65.2448,1223
65.2552,1205
65.2656,1263
65.276,1304
65.2864,1261
65.2968,1266
65.3072,1252
65.3176,1243
65.328,1244
65.3384,1258
65.3488,1233
65.3592,1233
65.3696,1295
65.38,1301
65.3904,1240
65.4008,1180
65.4112,1286
65.4216,1231
65.432,1311
65.4424,1268
65.4528,1255
65.4632,1322
65.4736,1289
65.484,1329
65.4944,1260
65.5048,1308
65.5152,1214
65.5256,1224
65.536,1269
65.5464,1220
65.5568,1221
65.5672,1241
65.5776,1198
65.588,1301
65.5984,1226
65.6088,1261
65.6192,1261
65.6296,1302
65.64,1227
65.6504,1267
65.6608,1311
65.6712,1223
65.6816,1257
65.692,1237
65.7024,1209
65.7128,1226
65.7232,1279
65.7336,1259
65.744,1359
65.7544,1270
65.7648,1271
65.7752,1237
65.7856,1231
65.796,1218
65.8064,1240
65.8168,1241
65.8272,1277
65.8376,1157
65.848,1340
65.8584,1259
65.8688,1295
65.8792,1295
65.8896,1282
65.9,1311
65.9104,1230
65.9208,1254
65.9312,1272
65.9416,1276
65.952,1318
65.9624,1266
65.9728,1254
65.9832,1322
65.9936,1292
66.004,1286
66.0144,1174
66.0248,1268
66.0352,1307
66.0456,1248
66.056,1259
66.0664,1279
66.0768,1257
66.0872,1253
66.0976,1190
66.108,1248
66.1184,1246
66.1288,1277
66.1392,1277
66.1496,1304
66.16,1286
66.1704,1246
66.1808,1283
66.1912,1254
66.2016,1306
66.212,1262
66.2224,1277
66.2328,1224
66.2432,1264
66.2536,1263
66.264,1205
66.2744,1286
66.2848,1275
66.2952,1193
66.3056,1228
66.316,1227
66.3264,1275
66.3368,1244
66.3472,1269
66.3576,1209
66.368,1319
66.3784,1315
66.3888,1300
66.3992,1300
66.4096,1306
66.42,1263
66.4304,1290
66.4408,1302
66.4512,1275
66.4616,1360
66.472,1299
66.4824,1226
66.4928,1240
66.5032,1296
66.5136,1351
66.524,1366
66.5344,1333
66.5448,1275
66.5552,1346
66.5656,1362
66.576,1353
66.5864,1345
66.5968,1321
66.6072,1365
66.6176,1320
66.628,1287
66.6384,1262
66.6488,1313
66.6592,1313
66.6696,1365
66.68,1311
66.6904,1292
66.7008,1258
66.7112,1288
66.7216,1294
66.732,1332
66.7424,1321
66.7528,1370
66.7632,1330
66.7736,1303
66.784,1342
66.7944,1295
66.8048,1286
66.8152,1262
66.8256,1398
66.836,1272
66.8464,1330
66.8568,1264
66.8672,1347
66.8776,1256
66.888,1299
66.8984,1343
66.9088,1373
66.9192,1373
66.9296,1320
66.94,1314
66.9504,1319
66.9608,1296
66.9712,1257
66.9816,1391
66.992,1223
67.0024,1295
67.0128,1294
67.0232,1331
67.0336,1283
67.044,1287
67.0544,1266
67.0648,1254
67.0752,1269
67.0856,1285
67.096,1304
67.1064,1240
67.1168,1264
67.1272,1302
67.1376,1246
67.148,1332
67.1584,1316
67.1688,1271
67.1792,1271
67.1896,1254
67.2,1303
67.2104,1309
67.2208,1213
67.2312,1250
67.2416,1231
67.252,1261
67.2624,1287
67.2728,1307
67.2832,1289
67.2936,1234
67.304,1274
67.3144,1292
67.3248,1352
67.3352,1277
67.3456,1229
67.356,1279
67.3664,1233
67.3768,1340
67.3872,1351
67.3976,1340
67.408,1335
67.4184,1276
67.4288,1358
67.4392,1358
67.4496,1323
67.46,1249
67.4704,1327
67.4808,1333
67.4912,1355
67.5016,1341
67.512,1329
67.5224,1338
67.5328,1310
67.5432,1388
67.5536,1436
67.564,1368
67.5744,1524
67.5848,1362
67.5952,1408
67.6056,1418
67.616,1457
67.6264,1568
67.6368,1556
67.6472,1538
67.6576,1577
67.668,1776
67.6784,1821
67.6888,1882
67.6992,1882
67.7096,1985
67.72,1989
67.7304,2121
67.7408,2140
67.7512,2268
67.7616,2327
67.772,2306
67.7824,2246
67.7928,2273
67.8032,2213
67.8136,2138
67.824,2132
67.8344,1933
67.8448,1949
67.8552,1864
67.8656,1926
67.876,1931
67.8864,1858
67.8968,1791
67.9072,1881
67.9176,1888
67.928,1900
67.9384,1890
67.9488,1928
67.9592,1928
67.9696,1837
67.98,1901
67.9904,1924
68.0008,1815
68.0112,1814
68.0216,1729
68.032,1574
68.0424,1616
68.0528,1509
68.0632,1476
68.0736,1470
68.084,1475
68.0944,1430
68.1048,1437
68.1152,1366
68.1256,1375
68.136,1362
68.1464,1351
68.1568,1354
68.1672,1371
68.1776,1356
68.188,1319
68.1984,1343
68.2088,1363
68.2192,1363
68.2296,1361
68.24,1354
68.2504,1328
68.2608,1308
68.2712,1400
68.2816,1314
68.292,1308
68.3024,1267
68.3128,1314
68.3232,1268
68.3336,1299
68.344,1258
68.3544,1317
68.3648,1252
68.3752,1246
68.3856,1271
68.396,1270
68.4064,1291
68.4168,1260
68.4272,1353
68.4376,1332
68.448,1274
68.4584,1263
68.4688,1306
68.4792,1306
68.4896,1282
68.5,1240
68.5104,1353
68.5208,1339
68.5312,1301
68.5416,1355
68.552,1344
68.5624,1270
68.5728,1341
68.5832,1360
68.5936,1295
68.604,1374
68.6144,1310
68.6248,1420
68.6352,1346
68.6456,1398
68.656,1402
68.6664,1418
68.6768,1466
68.6872,1451
68.6976,1421
68.708,1463
68.7184,1399
68.7288,1423
68.7392,1423
68.7496,1446
68.76,1491
68.7704,1485
68.7808,1446
68.7912,1372
68.8016,1481
68.812,1476
68.8224,1451
68.8328,1476
68.8432,1516
68.8536,1454
68.864,1495
68.8744,1482
68.8848,1457
68.8952,1453
68.9056,1415
68.916,1467
68.9264,1406
68.9368,1425
68.9472,1356
68.9576,1382
68.968,1384
68.9784,1402
68.9888,1382
68.9992,1382
69.0096,1331
69.02,1357
69.0304,1405
69.0408,1364
69.0512,1393
69.0616,1322
69.072,1385
69.0824,1395
69.0928,1329
69.1032,1375
69.1136,1373
69.124,1350
69.1344,1338
69.1448,1246
69.1552,1306
69.1656,1278
69.176,1366
69.1864,1365
69.1968,1265
69.2072,1341
69.2176,1312
69.228,1294
69.2384,1314
69.2488,1290
69.2592,1261
69.2696,1325
69.28,1269
69.2904,1235
69.3008,1295
69.3112,1236
69.3216,1248
69.332,1282
69.3424,1289
69.3528,1276
69.3632,1262
69.3736,1270
69.384,1305
69.3944,1263
69.4048,1366
69.4152,1276
69.4256,1309
69.436,1274
69.4464,1302
69.4568,1246
69.4672,1308
69.4776,1266
69.488,1281
69.4984,1331
69.5088,1267
69.5192,1267
69.5296,1259
69.54,1251
69.5504,1284
69.5608,1264
69.5712,1253
69.5816,1256
69.592,1283
69.6024,1213
69.6128,1255
69.6232,1262
69.6336,1299
69.644,1325
69.6544,1182
69.6648,1296
69.6752,1348
69.6856,1233
69.696,1257
69.7064,1260
69.7168,1245
69.7272,1309
69.7376,1320
69.748,1256
69.7584,1264
69.7688,1241
69.7792,1241
69.7896,1282
69.8,1266
69.8104,1282
69.8208,1244
69.8312,1244
69.8416,1333
69.852,1272
69.8624,1302
69.8728,1210
69.8832,1230
69.8936,1224
69.904,1304
69.9144,1319
69.9248,1165
69.9352,1209
69.9456,1296
69.956,1317
69.9664,1252
69.9768,1297
69.9872,1297
69.9976,1288
70.008,1314
70.0184,1199
70.0288,1247
70.0392,1247
70.0496,1333
70.06,1255
70.0704,1255
70.0808,1257
70.0912,1309
70.1016,1273
70.112,1314
70.1224,1267
70.1328,1224
70.1432,1320
70.1536,1314
70.164,1254
70.1744,1314
70.1848,1233
70.1952,1287
70.2056,1228
70.216,1308
70.2264,1242
70.2368,1243
70.2472,1287
70.2576,1256
70.268,1260
70.2784,1313
70.2888,1274
70.2992,1274
70.3096,1240
70.32,1296
70.3304,1229
70.3408,1237
70.3512,1277
70.3616,1271
70.372,1248
70.3824,1346
70.3928,1340
70.4032,1237
70.4136,1285
70.424,1233
70.4344,1284
70.4448,1241
70.4552,1187
70.4656,1291
70.476,1312
70.4864,1271
70.4968,1259
70.5072,1315
70.5176,1306
70.528,1301
70.5384,1304
70.5488,1254
70.5592,1254
70.5696,1305
70.58,1294
70.5904,1319
70.6008,1231
70.6112,1292
70.6216,1263
70.632,1265
70.6424,1200
70.6528,1320
70.6632,1254
70.6736,1235
70.684,1207
70.6944,1256
70.7048,1310
70.7152,1275
70.7256,1307
70.736,1283
70.7464,1260
70.7568,1336
70.7672,1265
70.7776,1274
70.788,1178
70.7984,1278
70.8088,1243
70.8192,1243
70.8296,1303
70.84,1255
70.8504,1314
70.8608,1259
70.8712,1272
70.8816,1299
70.892,1303
70.9024,1240
70.9128,1207
70.9232,1287
70.9336,1298
70.944,1294
70.9544,1343
70.9648,1297
70.9752,1255
70.9856,1243
70.996,1274
71.0064,1284
71.0168,1249
71.0272,1315
71.0376,1296
71.048,1234
71.0584,1313
71.0688,1270
71.0792,1270
71.0896,1246
71.1,1228
71.1104,1288
71.1208,1265
71.1312,1306
71.1416,1348
71.152,1316
71.1624,1266
71.1728,1325
71.1832,1325
71.1936,1234
71.204,1247
71.2144,1288
71.2248,1315
71.2352,1227
71.2456,1305
71.256,1274
71.2664,1226
71.2768,1239
71.2872,1241
71.2976,1276
71.308,1241
71.3184,1307
71.3288,1255
71.3392,1255
71.3496,1325
71.36,1299
71.3704,1205
71.3808,1221
71.3912,1277
71.4016,1284
71.412,1278
71.4224,1327
71.4328,1258
71.4432,1300
71.4536,1297
71.464,1286
71.4744,1275
71.4848,1283
71.4952,1208
71.5056,1173
71.516,1288
71.5264,1268
71.5368,1311
71.5472,1286
71.5576,1277
71.568,1302
71.5784,1287
71.5888,1287
71.5992,1282
71.6096,1309
71.62,1317
71.6304,1274
71.6408,1315
71.6512,1305
71.6616,1271
71.672,1296
71.6824,1195
71.6928,1247
71.7032,1319
71.7136,1331
71.724,1254
71.7344,1271
71.7448,1314
71.7552,1285
71.7656,1251
71.776,1297
71.7864,1311
71.7968,1224
71.8072,1320
71.8176,1311
71.828,1273
71.8384,1270
71.8488,1273
71.8592,1270
71.8696,1302
71.88,1268
71.8904,1357
71.9008,1304
71.9112,1309
71.9216,1295
71.932,1325
71.9424,1337
71.9528,1308
71.9632,1294
71.9736,1302
71.984,1297
71.9944,1269
72.0048,1298
72.0152,1272
72.0256,1344
72.036,1304
72.0464,1258
72.0568,1268
72.0672,1262
72.0776,1328
72.088,1383
72.0984,1318
72.1088,1399
72.1192,1399
72.1296,1290
72.14,1344
72.1504,1341
72.1608,1337
72.1712,1314
72.1816,1300
72.192,1309
72.2024,1296
72.2128,1315
72.2232,1269
72.2336,1317
72.244,1265
72.2544,1350
72.2648,1291
72.2752,1357
72.2856,1338
72.296,1317
72.3064,1283
72.3168,1267
72.3272,1296
72.3376,1380
72.348,1305
72.3584,1374
72.3688,1315
72.3792,1322
72.3896,1329
72.4,1294
72.4104,1340
72.4208,1322
72.4312,1349
72.4416,1283
72.452,1391
72.4624,1337
72.4728,1399
72.4832,1409
72.4936,1396
72.504,1307
72.5144,1313
72.5248,1348
72.5352,1389
72.5456,1359
72.556,1317
72.5664,1380
72.5768,1413
72.5872,1402
72.5976,1388
72.608,1392
72.6184,1349
72.6288,1291
72.6392,1291
72.6496,1428
72.66,1312
72.6704,1365
72.6808,1269
72.6912,1317
72.7016,1288
72.712,1329
72.7224,1290
72.7328,1374
72.7432,1297
72.7536,1299
72.764,1320
72.7744,1311
72.7848,1338
72.7952,1339
72.8056,1369
72.816,1299
72.8264,1347
72.8368,1323
72.8472,1329
72.8576,1332
72.868,1370
72.8784,1290
72.8888,1349
72.8992,1349
72.9096,1342
72.92,1336
72.9304,1307
72.9408,1396
72.9512,1283
72.9616,1381
72.972,1379
72.9824,1402
72.9928,1369
73.0032,1358
73.0136,1424
73.024,1442
73.0344,1465
73.0448,1447
73.0552,1480
73.0656,1436
73.076,1405
73.0864,1417
73.0968,1401
73.1072,1399
73.1176,1428
73.128,1418
73.1384,1391
73.1488,1410
73.1592,1371
73.1696,1434
73.18,1363
73.1904,1394
73.2008,1375
73.2112,1352
73.2216,1368
73.232,1456
73.2424,1353
73.2528,1303
73.2632,1345
73.2736,1437
73.284,1294
73.2944,1422
73.3048,1330
73.3152,1337
73.3256,1325
73.336,1364
73.3464,1394
73.3568,1346
73.3672,1390
73.3776,1341
73.388,1345
73.3984,1383
73.4088,1357
73.4192,1357
73.4296,1396
73.44,1341
73.4504,1425
73.4608,1389
73.4712,1428
73.4816,1375
73.492,1468
73.5024,1395
73.5128,1423
73.5232,1463
73.5336,1488
73.544,1483
73.5544,1514
73.5648,1540
73.5752,1581
73.5856,1557
73.596,1591
73.6064,1548
73.6168,1471
73.6272,1553
73.6376,1522
73.648,1514
73.6584,1511
73.6688,1489
73.6792,1489
73.6896,1421
73.7,1507
73.7104,1489
73.7208,1445
73.7312,1421
73.7416,1445
73.752,1489
73.7624,1489
73.7728,1510
73.7832,1533
73.7936,1416
73.804,1419
73.8144,1388
73.8248,1408
73.8352,1397
73.8456,1421
73.856,1419
73.8664,1449
73.8768,1361
73.8872,1517
73.8976,1376
73.908,1414
73.9184,1317
73.9288,1402
73.9392,1378
73.9496,1313
73.96,1322
73.9704,1261
73.9808,1320
73.9912,1360
74.0016,1325
74.012,1288
74.0224,1256
74.0328,1303
74.0432,1327
74.0536,1357
74.064,1308
74.0744,1268
74.0848,1278
74.0952,1297
74.1056,1309
74.116,1226
74.1264,1243
74.1368,1278
74.1472,1285
74.1576,1273
74.168,1271
74.1784,1304
74.1888,1306
74.1992,1306
74.2096,1274
74.22,1191
74.2304,1240
74.2408,1272
74.2512,1253
74.2616,1251
74.272,1273
74.2824,1297
74.2928,1277
74.3032,1249
74.3136,1305
74.324,1336
74.3344,1349
74.3448,1270
74.3552,1241
74.3656,1315
74.376,1310
74.3864,1311
74.3968,1261
74.4072,1265
74.4176,1262
74.428,1309
74.4384,1226
74.4488,1237
74.4592,1237
74.4696,1301
74.48,1299
74.4904,1293
74.5008,1231
74.5112,1272
74.5216,1317
74.532,1287
74.5424,1275
74.5528,1289
74.5632,1283
74.5736,1309
74.584,1290
74.5944,1233
74.6048,1256
74.6152,1211
74.6256,1259
74.636,1256
74.6464,1343
74.6568,1338
74.6672,1194
74.6776,1246
74.688,1213
74.6984,1284
74.7088,1284
74.7192,1246
74.7296,1211
74.74,1297
74.7504,1319
74.7608,1226
74.7712,1270
74.7816,1295
74.792,1321
74.8024,1362
74.8128,1212
74.8232,1270
74.8336,1266
74.844,1263
74.8544,1265
74.8648,1303
74.8752,1315
74.8856,1267
74.896,1239
74.9064,1286
74.9168,1321
74.9272,1310
74.9376,1349
74.948,1249
74.9584,1297
74.9688,1249
74.9792,1297
74.9896,1302
75.0,1242
75.0104,1331
75.0208,1286
75.0312,1271
75.0416,1277
75.052,1283
75.0624,1305
75.0728,1273
75.0832,1307
75.0936,1317
75.104,1253
75.1144,1308
75.1248,1318
75.1352,1280
75.1456,1236
75.156,1261
75.1664,1332
75.1768,1216
75.1872,1222
75.1976,1287
75.208,1289
75.2184,1238
75.2288,1324
75.2392,1324
75.2496,1346
75.26,1229
75.2704,1318
75.2808,1273
75.2912,1271
75.3016,1283
75.312,1343
75.3224,1268
75.3328,1270
75.3432,1302
75.3536,1305
75.364,1335
75.3744,1331
75.3848,1341
75.3952,1266
75.4056,1340
75.416,1284
75.4264,1251
75.4368,1292
75.4472,1272
75.4576,1280
75.468,1288
75.4784,1257
75.4888,1257
75.4992,1257
75.5096,1303
75.52,1299
75.5304,1341
75.5408,1283
75.5512,1304
75.5616,1313
75.572,1367
75.5824,1262
75.5928,1301
75.6032,1298
75.6136,1326
75.624,1368
75.6344,1271
75.6448,1325
75.6552,1264
75.6656,1303
75.676,1264
75.6864,1284
75.6968,1267
75.7072,1287
75.7176,1272
75.728,1323
75.7384,1350
75.7488,1295
75.7592,1295
75.7696,1340
75.78,1337
75.7904,1344
75.8008,1297
75.8112,1328
75.8216,1315
75.832,1274
75.8424,1247
75.8528,1355
75.8632,1214
75.8736,1316
75.884,1315
75.8944,1350
75.9048,1318
75.9152,1252
75.9256,1264
75.936,1336
75.9464,1346
75.9568,1312
75.9672,1332
75.9776,1279
75.988,1311
75.9984,1300
76.0088,1207
76.0192,1207
76.0296,1329
76.04,1249
76.0504,1241
76.0608,1306
76.0712,1303
76.0816,1249
76.092,1355
76.1024,1271
76.1128,1326
76.1232,1268
76.1336,1283
76.144,1321
76.1544,1323
76.1648,1331
76.1752,1310
76.1856,1288
76.196,1346
76.2064,1307
76.2168,1320
76.2272,1307
76.2376,1350
76.248,1354
76.2584,1272
76.2688,1272
76.2792,1345
76.2896,1329
76.3,1273
76.3104,1359
76.3208,1371
76.3312,1377
76.3416,1333
76.352,1375
76.3624,1341
76.3728,1317
76.3832,1368
76.3936,1412
76.404,1389
76.4144,1344
76.4248,1346
76.4352,1383
76.4456,1388
76.456,1383
76.4664,1353
76.4768,1341
76.4872,1368
76.4976,1353
76.508,1294
76.5184,1359
76.5288,1326
76.5392,1326
76.5496,1328
76.56,1359
76.5704,1361
76.5808,1267
76.5912,1322
76.6016,1271
76.612,1319
76.6224,1316
76.6328,1333
76.6432,1341
76.6536,1315
76.664,1252
76.6744,1358
76.6848,1314
76.6952,1316
76.7056,1348
76.716,1309
76.7264,1333
76.7368,1289
76.7472,1348
76.7576,1338
76.768,1295
76.7784,1412
76.7888,1333
76.7992,1333
76.8096,1366
76.82,1409
76.8304,1374
76.8408,1341
76.8512,1409
76.8616,1363
76.872,1388
76.8824,1436
76.8928,1378
76.9032,1450
76.9136,1461
76.924,1506
76.9344,1523
76.9448,1501
76.9552,1524
76.9656,1562
76.976,1584
76.9864,1638
76.9968,1621
77.0072,1734
77.0176,1669
77.028,1870
77.0384,1846
77.0488,1905
77.0592,1905
77.0696,1909
77.08,1962
77.0904,1943
77.1008,2008
77.1112,2045
77.1216,2009
77.132,1999
77.1424,2114
77.1528,2007
77.1632,2019
77.1736,2055
77.184,2046
77.1944,1961
77.2048,1972
77.2152,1913
77.2256,1949
77.236,1871
77.2464,1863
77.2568,1947
77.2672,1850
77.2776,1918
77.288,1875
77.2984,1889
77.3088,1921
77.3192,1921
77.3296,1887
77.34,1885
77.3504,2010
77.3608,1905
77.3712,1977
77.3816,2011
77.392,1871
77.4024,1913
77.4128,1899
77.4232,1855
77.4336,1838
77.444,1824
77.4544,1741
77.4648,1696
77.4752,1610
77.4856,1607
77.496,1684
77.5064,1587
77.5168,1585
77.5272,1590
77.5376,1593
77.548,1620
77.5584,1577
77.5688,1558
77.5792,1558
77.5896,1555
77.6,1505
77.6104,1573
77.6208,1554
77.6312,1538
77.6416,1532
77.652,1576
77.6624,1492
77.6728,1515
77.6832,1469
77.6936,1507
77.704,1535
77.7144,1552
77.7248,1470
77.7352,1445
77.7456,1529
77.756,1467
77.7664,1515
77.7768,1545
77.7872,1533
77.7976,1577
77.808,1500
77.8184,1548
77.8288,1520
77.8392,1520
77.8496,1502
77.86,1569
77.8704,1506
77.8808,1509
77.8912,1551
77.9016,1553
77.912,1514
77.9224,1459
77.9328,1501
77.9432,1509
77.9536,1466
77.964,1395
77.9744,1384
77.9848,1428
77.9952,1425
78.0056,1470
78.016,1375
78.0264,1436
78.0368,1409
78.0472,1398
78.0576,1401
78.068,1392
78.0784,1422
78.0888,1414
78.0992,1398
78.1096,1396
78.12,1394
78.1304,1414
78.1408,1370
78.1512,1506
78.1616,1420
78.172,1401
78.1824,1383
78.1928,1425
78.2032,1412
78.2136,1436
78.224,1444
78.2344,1417
78.2448,1415
78.2552,1476
78.2656,1389
78.276,1313
78.2864,1365
78.2968,1397
78.3072,1382
78.3176,1406
78.328,1357
78.3384,1439
78.3488,1357
78.3592,1439
78.3696,1440
78.38,1387
78.3904,1391
78.4008,1443
78.4112,1375
78.4216,1344
78.432,1383
78.4424,1386
78.4528,1405
78.4632,1334
78.4736,1384
78.484,1373
78.4944,1396
78.5048,1351
78.5152,1365
78.5256,1331
78.536,1337
78.5464,1376
78.5568,1453
78.5672,1361
78.5776,1266
78.588,1379
78.5984,1290
78.6088,1320
78.6192,1320
78.6296,1335
78.64,1319
78.6504,1359
78.6608,1335
78.6712,1328
78.6816,1353
78.692,1364
78.7024,1396
78.7128,1352
78.7232,1337
78.7336,1288
78.744,1325
78.7544,1290
78.7648,1298
78.7752,1317
78.7856,1301
78.796,1405
78.8064,1359
78.8168,1408
78.8272,1295
78.8376,1349
78.848,1331
78.8584,1372
78.8688,1341
78.8792,1437
78.8896,1365
78.9,1394
78.9104,1396
78.9208,1341
78.9312,1355
78.9416,1378
78.952,1309
78.9624,1356
78.9728,1418
78.9832,1417
78.9936,1342
79.004,1415
79.0144,1408
79.0248,1358
79.0352,1377
79.0456,1341
79.056,1332
79.0664,1359
79.0768,1355
79.0872,1329
79.0976,1384
79.108,1304
79.1184,1307
79.1288,1304
79.1392,1307
79.1496,1287
79.16,1297
79.1704,1320
79.1808,1323
79.1912,1325
79.2016,1329
79.212,1351
79.2224,1393
79.2328,1339
79.2432,1346
79.2536,1386
79.264,1340
79.2744,1326
79.2848,1306
79.2952,1254
79.3056,1275
79.316,1310
79.3264,1324
79.3368,1329
79.3472,1267
79.3576,1305
79.368,1275
79.3784,1313
79.3888,1317
79.3992,1317
79.4096,1283
79.42,1231
79.4304,1354
79.4408,1271
79.4512,1232
79.4616,1239
79.472,1337
79.4824,1316
79.4928,1319
79.5032,1285
79.5136,1340
79.524,1217
79.5344,1305
79.5448,1344
79.5552,1295
79.5656,1248
79.576,1341
79.5864,1345
79.5968,1273
79.6072,1323
79.6176,1312
79.628,1321
79.6384,1314
79.6488,1208
79.6592,1285
79.6696,1304
79.68,1261
79.6904,1286
79.7008,1296
79.7112,1293
79.7216,1297
79.732,1301
79.7424,1300
79.7528,1357
79.7632,1269
79.7736,1307
79.784,1235
79.7944,1272
79.8048,1275
79.8152,1306
79.8256,1267
79.836,1327
79.8464,1295
79.8568,1287
79.8672,1263
79.8776,1220
79.888,1322
79.8984,1356
79.9088,1322
79.9192,1356
79.9296,1282
79.94,1263
79.9504,1287
79.9608,1272
79.9712,1229
79.9816,1288
79.992,1325
80.0024,1224
